gaze_timestamp,gaze_x,gaze_y,confidence,ui_image,ui_timestamp,time_diff,gaze_target
1771619128.063000,332.0,833.0,high,frame_000000_1771619128804.jpg,1771619128.804000,0.7410,1
1771619128.164000,318.0,821.0,high,frame_000000_1771619128804.jpg,1771619128.804000,0.6400,1
1771619128.263000,321.0,830.0,high,frame_000000_1771619128804.jpg,1771619128.804000,0.5410,1
1771619128.364000,326.0,838.0,high,frame_000000_1771619128804.jpg,1771619128.804000,0.4400,1
1771619128.463000,340.0,827.0,high,frame_000000_1771619128804.jpg,1771619128.804000,0.3410,1
1771619128.568000,354.0,811.0,high,frame_000000_1771619128804.jpg,1771619128.804000,0.2360,1
1771619128.669000,383.0,793.0,high,frame_000000_1771619128804.jpg,1771619128.804000,0.1350,1
1771619128.764000,423.0,777.0,high,frame_000000_1771619128804.jpg,1771619128.804000,0.0400,1
1771619128.863000,451.0,773.0,high,frame_000000_1771619128804.jpg,1771619128.804000,0.0590,1
1771619128.964000,483.0,771.0,high,frame_000001_1771619128928.jpg,1771619128.928000,0.0360,24
1771619129.064000,500.0,765.0,high,frame_000002_1771619129046.jpg,1771619129.046000,0.0180,24
1771619129.163000,836.0,691.0,high,frame_000003_1771619129163.jpg,1771619129.163000,0.0000,1
1771619129.263000,909.0,621.0,high,frame_000004_1771619129284.jpg,1771619129.284000,0.0210,1
1771619129.364000,936.0,575.0,high,frame_000005_1771619129400.jpg,1771619129.400000,0.0360,1
1771619129.463000,947.0,551.0,high,frame_000006_1771619129514.jpg,1771619129.514000,0.0510,1
1771619129.564000,946.0,508.0,high,frame_000006_1771619129514.jpg,1771619129.514000,0.0500,1
1771619129.663000,945.0,512.0,high,frame_000007_1771619129632.jpg,1771619129.632000,0.0310,1
1771619129.766000,946.0,505.0,high,frame_000008_1771619129743.jpg,1771619129.743000,0.0230,1
1771619129.866000,951.0,451.0,high,frame_000009_1771619129856.jpg,1771619129.856000,0.0100,14
1771619129.964000,989.0,394.0,high,frame_000010_1771619129976.jpg,1771619129.976000,0.0120,22
1771619130.063000,1008.0,373.0,high,frame_000011_1771619130089.jpg,1771619130.089000,0.0260,22
1771619130.164000,1019.0,334.0,high,frame_000012_1771619130203.jpg,1771619130.203000,0.0390,6
1771619130.263000,1023.0,338.0,high,frame_000013_1771619130319.jpg,1771619130.319000,0.0560,22
1771619130.363000,1117.0,325.0,high,frame_000013_1771619130319.jpg,1771619130.319000,0.0440,11
1771619130.464000,1341.0,370.0,high,frame_000014_1771619130433.jpg,1771619130.433000,0.0310,26
1771619130.563000,1409.0,434.0,high,frame_000015_1771619130551.jpg,1771619130.551000,0.0120,5
1771619130.663000,1416.0,438.0,high,frame_000016_1771619130670.jpg,1771619130.670000,0.0070,5
1771619130.765000,1399.0,435.0,high,frame_000017_1771619130781.jpg,1771619130.781000,0.0160,5
1771619130.863000,1399.0,437.0,high,frame_000018_1771619130895.jpg,1771619130.895000,0.0320,5
1771619130.963000,1919.0,479.0,high,frame_000019_1771619131023.jpg,1771619131.023000,0.0600,unknown
1771619131.066000,1919.0,508.0,high,frame_000019_1771619131023.jpg,1771619131.023000,0.0430,unknown
1771619131.164000,1919.0,527.0,high,frame_000020_1771619131140.jpg,1771619131.140000,0.0240,unknown
1771619131.264000,0.0,0.0,lost,frame_000021_1771619131259.jpg,1771619131.259000,0.0050,11
1771619131.364000,0.0,0.0,lost,frame_000022_1771619131376.jpg,1771619131.376000,0.0120,11
1771619131.464000,954.0,647.0,high,frame_000023_1771619131495.jpg,1771619131.495000,0.0310,1
1771619131.563000,959.0,654.0,high,frame_000024_1771619131612.jpg,1771619131.612000,0.0490,1
1771619131.663000,959.0,651.0,high,frame_000024_1771619131612.jpg,1771619131.612000,0.0510,1
1771619131.764000,952.0,659.0,high,frame_000025_1771619131727.jpg,1771619131.727000,0.0370,1
1771619131.863000,911.0,602.0,high,frame_000026_1771619131844.jpg,1771619131.844000,0.0190,1
1771619131.963000,901.0,424.0,high,frame_000027_1771619131964.jpg,1771619131.964000,0.0010,26
1771619132.066000,928.0,286.0,high,frame_000028_1771619132083.jpg,1771619132.083000,0.0170,11
1771619132.164000,967.0,229.0,high,frame_000029_1771619132197.jpg,1771619132.197000,0.0330,11
1771619132.263000,1020.0,206.0,high,frame_000030_1771619132317.jpg,1771619132.317000,0.0540,11
1771619132.363000,1049.0,205.0,high,frame_000030_1771619132317.jpg,1771619132.317000,0.0460,11
1771619132.467000,1074.0,186.0,high,frame_000031_1771619132437.jpg,1771619132.437000,0.0300,11
1771619132.563000,1072.0,216.0,high,frame_000032_1771619132554.jpg,1771619132.554000,0.0090,11
1771619132.664000,1069.0,269.0,high,frame_000033_1771619132673.jpg,1771619132.673000,0.0090,11
1771619132.765000,1041.0,345.0,high,frame_000034_1771619132794.jpg,1771619132.794000,0.0290,22
1771619132.863000,625.0,520.0,high,frame_000035_1771619132904.jpg,1771619132.904000,0.0410,1
1771619132.964000,582.0,601.0,high,frame_000035_1771619132904.jpg,1771619132.904000,0.0600,1
1771619133.063000,537.0,645.0,high,frame_000036_1771619133048.jpg,1771619133.048000,0.0150,1
1771619133.164000,483.0,689.0,high,frame_000037_1771619133159.jpg,1771619133.159000,0.0050,1
1771619133.263000,449.0,752.0,high,frame_000038_1771619133277.jpg,1771619133.277000,0.0140,1
1771619133.364000,1061.0,726.0,high,frame_000039_1771619133394.jpg,1771619133.394000,0.0300,1
1771619133.464000,1068.0,817.0,high,frame_000040_1771619133517.jpg,1771619133.517000,0.0530,1
1771619133.563000,1067.0,811.0,high,frame_000040_1771619133517.jpg,1771619133.517000,0.0460,1
1771619133.663000,1085.0,834.0,high,frame_000041_1771619133628.jpg,1771619133.628000,0.0350,1
1771619133.764000,1117.0,869.0,high,frame_000042_1771619133746.jpg,1771619133.746000,0.0180,1
1771619133.866000,1129.0,881.0,high,frame_000043_1771619133864.jpg,1771619133.864000,0.0020,1
1771619133.964000,1210.0,1079.0,high,frame_000044_1771619133977.jpg,1771619133.977000,0.0130,unknown
1771619134.067000,0.0,0.0,lost,frame_000045_1771619134096.jpg,1771619134.096000,0.0290,11
1771619134.163000,0.0,0.0,lost,frame_000046_1771619134216.jpg,1771619134.216000,0.0530,11
1771619134.263000,0.0,0.0,lost,frame_000046_1771619134216.jpg,1771619134.216000,0.0470,11
1771619134.363000,0.0,0.0,lost,frame_000047_1771619134334.jpg,1771619134.334000,0.0290,11
1771619134.464000,0.0,0.0,lost,frame_000048_1771619134449.jpg,1771619134.449000,0.0150,11
1771619134.564000,0.0,0.0,lost,frame_000049_1771619134570.jpg,1771619134.570000,0.0060,11
1771619134.663000,0.0,0.0,lost,frame_000050_1771619134686.jpg,1771619134.686000,0.0230,11
1771619134.766000,964.0,652.0,high,frame_000051_1771619134801.jpg,1771619134.801000,0.0350,1
1771619134.863000,959.0,605.0,high,frame_000052_1771619134918.jpg,1771619134.918000,0.0550,1
1771619134.963000,990.0,546.0,high,frame_000052_1771619134918.jpg,1771619134.918000,0.0450,1
1771619135.064000,973.0,496.0,high,frame_000053_1771619135033.jpg,1771619135.033000,0.0310,1
1771619135.164000,992.0,428.0,high,frame_000054_1771619135146.jpg,1771619135.146000,0.0180,22
1771619135.263000,1013.0,405.0,high,frame_000055_1771619135261.jpg,1771619135.261000,0.0020,6
1771619135.363000,1013.0,393.0,high,frame_000056_1771619135378.jpg,1771619135.378000,0.0150,22
1771619135.464000,1037.0,391.0,high,frame_000057_1771619135494.jpg,1771619135.494000,0.0300,22
1771619135.563000,1095.0,395.0,high,frame_000058_1771619135614.jpg,1771619135.614000,0.0510,5
1771619135.663000,1131.0,397.0,high,frame_000058_1771619135614.jpg,1771619135.614000,0.0490,5
1771619135.763000,1210.0,394.0,high,frame_000059_1771619135727.jpg,1771619135.727000,0.0360,9
1771619135.866000,1306.0,377.0,high,frame_000060_1771619135847.jpg,1771619135.847000,0.0190,26
1771619135.965000,1339.0,371.0,high,frame_000061_1771619135963.jpg,1771619135.963000,0.0020,26
1771619136.067000,1373.0,374.0,high,frame_000062_1771619136076.jpg,1771619136.076000,0.0090,26
1771619136.163000,1284.0,376.0,high,frame_000063_1771619136198.jpg,1771619136.198000,0.0350,26
1771619136.263000,1163.0,383.0,high,frame_000064_1771619136307.jpg,1771619136.307000,0.0440,26
1771619136.363000,1102.0,387.0,high,frame_000064_1771619136307.jpg,1771619136.307000,0.0560,22
1771619136.463000,1032.0,395.0,high,frame_000065_1771619136426.jpg,1771619136.426000,0.0370,22
1771619136.563000,988.0,413.0,high,frame_000066_1771619136545.jpg,1771619136.545000,0.0180,22
1771619136.664000,974.0,425.0,high,frame_000067_1771619136666.jpg,1771619136.666000,0.0020,26
1771619136.764000,968.0,425.0,high,frame_000068_1771619136783.jpg,1771619136.783000,0.0190,26
1771619136.863000,964.0,426.0,high,frame_000069_1771619136904.jpg,1771619136.904000,0.0410,26
1771619136.963000,965.0,385.0,high,frame_000069_1771619136904.jpg,1771619136.904000,0.0590,22
1771619137.063000,970.0,374.0,high,frame_000070_1771619137023.jpg,1771619137.023000,0.0400,22
1771619137.163000,976.0,372.0,high,frame_000071_1771619137141.jpg,1771619137.141000,0.0220,22
1771619137.263000,976.0,372.0,high,frame_000072_1771619137258.jpg,1771619137.258000,0.0050,22
1771619137.364000,979.0,376.0,high,frame_000073_1771619137373.jpg,1771619137.373000,0.0090,22
1771619137.466000,983.0,374.0,high,frame_000074_1771619137487.jpg,1771619137.487000,0.0210,22
1771619137.563000,998.0,363.0,high,frame_000075_1771619137608.jpg,1771619137.608000,0.0450,22
1771619137.663000,996.0,372.0,high,frame_000075_1771619137608.jpg,1771619137.608000,0.0550,22
1771619137.764000,999.0,392.0,high,frame_000076_1771619137723.jpg,1771619137.723000,0.0410,22
1771619137.864000,1004.0,385.0,high,frame_000077_1771619137837.jpg,1771619137.837000,0.0270,22
1771619137.963000,1007.0,355.0,high,frame_000078_1771619137959.jpg,1771619137.959000,0.0040,22
1771619138.063000,1014.0,331.0,high,frame_000079_1771619138073.jpg,1771619138.073000,0.0100,22
1771619138.166000,1008.0,343.0,high,frame_000080_1771619138188.jpg,1771619138.188000,0.0220,22
1771619138.265000,995.0,356.0,high,frame_000081_1771619138304.jpg,1771619138.304000,0.0390,22
1771619138.363000,995.0,371.0,high,frame_000082_1771619138419.jpg,1771619138.419000,0.0560,22
1771619138.463000,990.0,375.0,high,frame_000082_1771619138419.jpg,1771619138.419000,0.0440,22
1771619138.563000,990.0,391.0,high,frame_000083_1771619138533.jpg,1771619138.533000,0.0300,22
1771619138.663000,992.0,401.0,high,frame_000084_1771619138649.jpg,1771619138.649000,0.0140,22
1771619138.763000,984.0,393.0,high,frame_000085_1771619138766.jpg,1771619138.766000,0.0030,22
1771619138.863000,977.0,394.0,high,frame_000086_1771619138888.jpg,1771619138.888000,0.0250,22
1771619138.963000,980.0,398.0,high,frame_000087_1771619139004.jpg,1771619139.004000,0.0410,22
1771619139.064000,986.0,404.0,high,frame_000088_1771619139119.jpg,1771619139.119000,0.0550,26
1771619139.164000,999.0,416.0,high,frame_000088_1771619139119.jpg,1771619139.119000,0.0450,26
1771619139.264000,1019.0,428.0,high,frame_000089_1771619139235.jpg,1771619139.235000,0.0290,22
1771619139.364000,1019.0,426.0,high,frame_000090_1771619139354.jpg,1771619139.354000,0.0100,26
1771619139.463000,1024.0,425.0,high,frame_000091_1771619139468.jpg,1771619139.468000,0.0050,26
1771619139.564000,1021.0,414.0,high,frame_000092_1771619139583.jpg,1771619139.583000,0.0190,26
1771619139.663000,976.0,401.0,high,frame_000093_1771619139699.jpg,1771619139.699000,0.0360,5
1771619139.764000,913.0,387.0,high,frame_000094_1771619139818.jpg,1771619139.818000,0.0540,22
1771619139.864000,911.0,387.0,high,frame_000094_1771619139818.jpg,1771619139.818000,0.0460,22
1771619139.963000,912.0,384.0,high,frame_000095_1771619139926.jpg,1771619139.926000,0.0370,22
1771619140.066000,921.0,376.0,high,frame_000096_1771619140041.jpg,1771619140.041000,0.0250,22
1771619140.165000,933.0,370.0,high,frame_000097_1771619140156.jpg,1771619140.156000,0.0090,22
1771619140.264000,937.0,369.0,high,frame_000098_1771619140276.jpg,1771619140.276000,0.0120,22
1771619140.363000,941.0,373.0,high,frame_000099_1771619140393.jpg,1771619140.393000,0.0300,22
1771619140.463000,945.0,378.0,high,frame_000100_1771619140509.jpg,1771619140.509000,0.0460,22
1771619140.563000,938.0,376.0,high,frame_000100_1771619140509.jpg,1771619140.509000,0.0540,22
1771619140.664000,936.0,375.0,high,frame_000101_1771619140624.jpg,1771619140.624000,0.0400,22
1771619140.764000,942.0,373.0,high,frame_000102_1771619140743.jpg,1771619140.743000,0.0210,22
1771619140.864000,956.0,382.0,high,frame_000103_1771619140857.jpg,1771619140.857000,0.0070,22
1771619140.963000,957.0,390.0,high,frame_000104_1771619140977.jpg,1771619140.977000,0.0140,22
1771619141.067000,964.0,388.0,high,frame_000105_1771619141097.jpg,1771619141.097000,0.0300,5
1771619141.163000,961.0,385.0,high,frame_000106_1771619141215.jpg,1771619141.215000,0.0520,22
1771619141.264000,959.0,396.0,high,frame_000106_1771619141215.jpg,1771619141.215000,0.0490,5
1771619141.364000,959.0,386.0,high,frame_000107_1771619141330.jpg,1771619141.330000,0.0340,22
1771619141.464000,961.0,377.0,high,frame_000108_1771619141448.jpg,1771619141.448000,0.0160,22
1771619141.563000,961.0,359.0,high,frame_000109_1771619141566.jpg,1771619141.566000,0.0030,22
1771619141.663000,966.0,339.0,high,frame_000110_1771619141680.jpg,1771619141.680000,0.0170,22
1771619141.766000,977.0,325.0,high,frame_000111_1771619141796.jpg,1771619141.796000,0.0300,22
1771619141.863000,970.0,317.0,high,frame_000112_1771619141918.jpg,1771619141.918000,0.0550,22
1771619141.964000,958.0,294.0,high,frame_000112_1771619141918.jpg,1771619141.918000,0.0460,11
1771619142.064000,945.0,164.0,high,frame_000113_1771619142031.jpg,1771619142.031000,0.0330,11
1771619142.163000,950.0,117.0,high,frame_000114_1771619142156.jpg,1771619142.156000,0.0070,11
1771619142.263000,966.0,99.0,high,frame_000115_1771619142270.jpg,1771619142.270000,0.0070,11
1771619142.363000,972.0,95.0,high,frame_000116_1771619142392.jpg,1771619142.392000,0.0290,11
1771619142.466000,992.0,146.0,high,frame_000117_1771619142504.jpg,1771619142.504000,0.0380,11
1771619142.563000,999.0,223.0,high,frame_000118_1771619142619.jpg,1771619142.619000,0.0560,11
1771619142.663000,1001.0,327.0,high,frame_000118_1771619142619.jpg,1771619142.619000,0.0440,22
1771619142.764000,987.0,351.0,high,frame_000119_1771619142732.jpg,1771619142.732000,0.0320,22
1771619142.863000,971.0,366.0,high,frame_000120_1771619142848.jpg,1771619142.848000,0.0150,22
1771619142.963000,968.0,378.0,high,frame_000121_1771619142968.jpg,1771619142.968000,0.0050,26
1771619143.064000,962.0,394.0,high,frame_000122_1771619143081.jpg,1771619143.081000,0.0170,26
1771619143.164000,959.0,391.0,high,frame_000123_1771619143198.jpg,1771619143.198000,0.0340,26
1771619143.263000,949.0,394.0,high,frame_000124_1771619143313.jpg,1771619143.313000,0.0500,26
1771619143.363000,948.0,398.0,high,frame_000124_1771619143313.jpg,1771619143.313000,0.0500,26
1771619143.463000,946.0,400.0,high,frame_000125_1771619143432.jpg,1771619143.432000,0.0310,26
1771619143.563000,922.0,404.0,high,frame_000126_1771619143551.jpg,1771619143.551000,0.0120,26
1771619143.664000,925.0,406.0,high,frame_000127_1771619143665.jpg,1771619143.665000,0.0010,26
1771619143.764000,932.0,408.0,high,frame_000128_1771619143786.jpg,1771619143.786000,0.0220,26
1771619143.864000,930.0,404.0,high,frame_000129_1771619143902.jpg,1771619143.902000,0.0380,26
1771619143.963000,925.0,397.0,high,frame_000130_1771619144017.jpg,1771619144.017000,0.0540,26
1771619144.063000,922.0,397.0,high,frame_000130_1771619144017.jpg,1771619144.017000,0.0460,26
1771619144.163000,920.0,400.0,high,frame_000131_1771619144130.jpg,1771619144.130000,0.0330,26
1771619144.266000,919.0,401.0,high,frame_000132_1771619144251.jpg,1771619144.251000,0.0150,26
1771619144.363000,918.0,404.0,high,frame_000133_1771619144364.jpg,1771619144.364000,0.0010,26
1771619144.464000,919.0,408.0,high,frame_000134_1771619144483.jpg,1771619144.483000,0.0190,26
1771619144.563000,914.0,415.0,high,frame_000135_1771619144596.jpg,1771619144.596000,0.0330,26
1771619144.663000,908.0,419.0,high,frame_000136_1771619144713.jpg,1771619144.713000,0.0500,26
1771619144.763000,909.0,422.0,high,frame_000136_1771619144713.jpg,1771619144.713000,0.0500,26
1771619144.863000,912.0,426.0,high,frame_000137_1771619144827.jpg,1771619144.827000,0.0360,26
1771619144.964000,915.0,428.0,high,frame_000138_1771619144947.jpg,1771619144.947000,0.0170,26
1771619145.065000,916.0,427.0,high,frame_000139_1771619145061.jpg,1771619145.061000,0.0040,26
1771619145.165000,920.0,421.0,high,frame_000140_1771619145174.jpg,1771619145.174000,0.0090,26
1771619145.263000,931.0,415.0,high,frame_000141_1771619145288.jpg,1771619145.288000,0.0250,26
1771619145.363000,926.0,404.0,high,frame_000142_1771619145408.jpg,1771619145.408000,0.0450,26
1771619145.464000,923.0,388.0,high,frame_000143_1771619145520.jpg,1771619145.520000,0.0560,26
1771619145.564000,915.0,389.0,high,frame_000143_1771619145520.jpg,1771619145.520000,0.0440,26
1771619145.664000,918.0,377.0,high,frame_000144_1771619145636.jpg,1771619145.636000,0.0280,26
1771619145.764000,930.0,363.0,high,frame_000145_1771619145749.jpg,1771619145.749000,0.0150,26
1771619145.864000,943.0,351.0,high,frame_000146_1771619145865.jpg,1771619145.865000,0.0010,26
1771619145.964000,942.0,355.0,high,frame_000147_1771619145980.jpg,1771619145.980000,0.0160,26
1771619146.064000,944.0,354.0,high,frame_000148_1771619146095.jpg,1771619146.095000,0.0310,26
1771619146.164000,916.0,357.0,high,frame_000149_1771619146222.jpg,1771619146.222000,0.0580,26
1771619146.264000,902.0,360.0,high,frame_000149_1771619146222.jpg,1771619146.222000,0.0420,26
1771619146.364000,888.0,358.0,high,frame_000150_1771619146333.jpg,1771619146.333000,0.0310,26
1771619146.464000,870.0,361.0,high,frame_000151_1771619146453.jpg,1771619146.453000,0.0110,26
1771619146.564000,828.0,371.0,high,frame_000152_1771619146576.jpg,1771619146.576000,0.0120,26
1771619146.664000,736.0,386.0,high,frame_000153_1771619146690.jpg,1771619146.690000,0.0260,26
1771619146.764000,631.0,402.0,high,frame_000154_1771619146807.jpg,1771619146.807000,0.0430,26
1771619146.863000,651.0,400.0,high,frame_000154_1771619146807.jpg,1771619146.807000,0.0560,26
1771619146.963000,720.0,400.0,high,frame_000155_1771619146922.jpg,1771619146.922000,0.0410,26
1771619147.064000,828.0,413.0,high,frame_000156_1771619147034.jpg,1771619147.034000,0.0300,22
1771619147.163000,797.0,423.0,high,frame_000157_1771619147149.jpg,1771619147.149000,0.0140,22
1771619147.264000,720.0,435.0,high,frame_000158_1771619147265.jpg,1771619147.265000,0.0010,26
1771619147.363000,701.0,429.0,high,frame_000159_1771619147382.jpg,1771619147.382000,0.0190,26
1771619147.464000,692.0,425.0,high,frame_000160_1771619147504.jpg,1771619147.504000,0.0400,26
1771619147.563000,680.0,428.0,high,frame_000161_1771619147619.jpg,1771619147.619000,0.0560,26
1771619147.663000,680.0,423.0,high,frame_000161_1771619147619.jpg,1771619147.619000,0.0440,26
1771619147.763000,601.0,436.0,high,frame_000162_1771619147737.jpg,1771619147.737000,0.0260,7
1771619147.864000,552.0,435.0,high,frame_000163_1771619147850.jpg,1771619147.850000,0.0140,11
1771619147.965000,511.0,431.0,high,frame_000164_1771619147963.jpg,1771619147.963000,0.0020,22
1771619148.064000,519.0,425.0,high,frame_000165_1771619148078.jpg,1771619148.078000,0.0140,11
1771619148.163000,537.0,408.0,high,frame_000166_1771619148193.jpg,1771619148.193000,0.0300,22
1771619148.263000,573.0,401.0,high,frame_000167_1771619148315.jpg,1771619148.315000,0.0520,22
1771619148.363000,820.0,270.0,high,frame_000167_1771619148315.jpg,1771619148.315000,0.0480,11
1771619148.466000,957.0,107.0,high,frame_000168_1771619148434.jpg,1771619148.434000,0.0320,11
1771619148.564000,985.0,48.0,high,frame_000169_1771619148551.jpg,1771619148.551000,0.0130,11
1771619148.666000,975.0,33.0,high,frame_000170_1771619148668.jpg,1771619148.668000,0.0020,11
1771619148.764000,958.0,26.0,high,frame_000171_1771619148790.jpg,1771619148.790000,0.0260,11
1771619148.863000,960.0,200.0,high,frame_000172_1771619148905.jpg,1771619148.905000,0.0420,11
1771619148.965000,970.0,294.0,high,frame_000173_1771619149023.jpg,1771619149.023000,0.0580,11
1771619149.063000,972.0,345.0,high,frame_000173_1771619149023.jpg,1771619149.023000,0.0400,22
1771619149.164000,991.0,357.0,high,frame_000174_1771619149141.jpg,1771619149.141000,0.0230,22
1771619149.264000,1027.0,385.0,high,frame_000175_1771619149257.jpg,1771619149.257000,0.0070,22
1771619149.364000,1077.0,363.0,high,frame_000176_1771619149371.jpg,1771619149.371000,0.0070,11
1771619149.464000,1151.0,326.0,high,frame_000177_1771619149489.jpg,1771619149.489000,0.0250,11
1771619149.564000,1194.0,283.0,high,frame_000178_1771619149604.jpg,1771619149.604000,0.0400,11
1771619149.665000,1218.0,263.0,high,frame_000179_1771619149719.jpg,1771619149.719000,0.0540,11
1771619149.764000,1218.0,262.0,high,frame_000179_1771619149719.jpg,1771619149.719000,0.0450,11
1771619149.864000,1176.0,301.0,high,frame_000180_1771619149839.jpg,1771619149.839000,0.0250,11
1771619149.964000,1146.0,342.0,high,frame_000181_1771619149954.jpg,1771619149.954000,0.0100,11
1771619150.064000,1101.0,364.0,high,frame_000182_1771619150076.jpg,1771619150.076000,0.0120,11
1771619150.164000,1072.0,381.0,high,frame_000183_1771619150188.jpg,1771619150.188000,0.0240,11
1771619150.268000,1044.0,399.0,high,frame_000184_1771619150301.jpg,1771619150.301000,0.0330,11
1771619150.364000,1015.0,409.0,high,frame_000185_1771619150421.jpg,1771619150.421000,0.0570,22
1771619150.464000,998.0,407.0,high,frame_000185_1771619150421.jpg,1771619150.421000,0.0430,22
1771619150.564000,982.0,408.0,high,frame_000186_1771619150541.jpg,1771619150.541000,0.0230,22
1771619150.666000,977.0,411.0,high,frame_000187_1771619150650.jpg,1771619150.650000,0.0160,22
1771619150.764000,966.0,409.0,high,frame_000188_1771619150765.jpg,1771619150.765000,0.0010,22
1771619150.864000,962.0,408.0,high,frame_000189_1771619150879.jpg,1771619150.879000,0.0150,22
1771619150.964000,956.0,396.0,high,frame_000190_1771619150997.jpg,1771619150.997000,0.0330,11
1771619151.067000,939.0,379.0,high,frame_000191_1771619151116.jpg,1771619151.116000,0.0490,11
1771619151.164000,943.0,368.0,high,frame_000191_1771619151116.jpg,1771619151.116000,0.0480,11
1771619151.263000,941.0,374.0,high,frame_000192_1771619151231.jpg,1771619151.231000,0.0320,11
1771619151.364000,939.0,378.0,high,frame_000193_1771619151350.jpg,1771619151.350000,0.0140,11
1771619151.465000,945.0,379.0,high,frame_000194_1771619151466.jpg,1771619151.466000,0.0010,22
1771619151.563000,944.0,380.0,high,frame_000195_1771619151587.jpg,1771619151.587000,0.0240,22
1771619151.666000,947.0,408.0,high,frame_000196_1771619151705.jpg,1771619151.705000,0.0390,22
1771619151.764000,945.0,407.0,high,frame_000197_1771619151820.jpg,1771619151.820000,0.0560,11
1771619151.864000,915.0,422.0,high,frame_000197_1771619151820.jpg,1771619151.820000,0.0440,22
1771619151.966000,891.0,426.0,high,frame_000198_1771619151934.jpg,1771619151.934000,0.0320,22
1771619152.063000,890.0,426.0,high,frame_000199_1771619152046.jpg,1771619152.046000,0.0170,22
1771619152.164000,898.0,441.0,high,frame_000200_1771619152160.jpg,1771619152.160000,0.0040,22
1771619152.264000,917.0,450.0,high,frame_000201_1771619152275.jpg,1771619152.275000,0.0110,5
1771619152.365000,973.0,434.0,high,frame_000202_1771619152391.jpg,1771619152.391000,0.0260,22
1771619152.465000,980.0,418.0,high,frame_000203_1771619152505.jpg,1771619152.505000,0.0400,22
1771619152.565000,971.0,414.0,high,frame_000204_1771619152622.jpg,1771619152.622000,0.0570,22
1771619152.666000,968.0,416.0,high,frame_000204_1771619152622.jpg,1771619152.622000,0.0440,22
1771619152.768000,957.0,412.0,high,frame_000205_1771619152741.jpg,1771619152.741000,0.0270,22
1771619152.863000,942.0,412.0,high,frame_000206_1771619152855.jpg,1771619152.855000,0.0080,22
1771619152.966000,926.0,401.0,high,frame_000207_1771619152970.jpg,1771619152.970000,0.0040,22
1771619153.063000,906.0,387.0,high,frame_000208_1771619153087.jpg,1771619153.087000,0.0240,22
1771619153.163000,883.0,372.0,high,frame_000209_1771619153202.jpg,1771619153.202000,0.0390,22
1771619153.264000,863.0,368.0,high,frame_000210_1771619153316.jpg,1771619153.316000,0.0520,22
1771619153.368000,863.0,370.0,high,frame_000210_1771619153316.jpg,1771619153.316000,0.0520,22
1771619153.463000,864.0,350.0,high,frame_000211_1771619153430.jpg,1771619153.430000,0.0330,11
1771619153.563000,868.0,348.0,high,frame_000212_1771619153550.jpg,1771619153.550000,0.0130,11
1771619153.666000,886.0,348.0,high,frame_000213_1771619153664.jpg,1771619153.664000,0.0020,11
1771619153.763000,923.0,348.0,high,frame_000214_1771619153782.jpg,1771619153.782000,0.0190,11
1771619153.864000,943.0,335.0,high,frame_000215_1771619153898.jpg,1771619153.898000,0.0340,11
1771619153.966000,1013.0,330.0,high,frame_000216_1771619154011.jpg,1771619154.011000,0.0450,11
1771619154.064000,1087.0,318.0,high,frame_000216_1771619154011.jpg,1771619154.011000,0.0530,11
1771619154.163000,1145.0,320.0,high,frame_000217_1771619154134.jpg,1771619154.134000,0.0290,11
1771619154.263000,1199.0,309.0,high,frame_000218_1771619154254.jpg,1771619154.254000,0.0090,11
1771619154.363000,1285.0,307.0,high,frame_000219_1771619154368.jpg,1771619154.368000,0.0050,11
1771619154.463000,1252.0,322.0,high,frame_000220_1771619154485.jpg,1771619154.485000,0.0220,11
1771619154.564000,1078.0,348.0,high,frame_000221_1771619154603.jpg,1771619154.603000,0.0390,11
1771619154.663000,942.0,363.0,high,frame_000222_1771619154722.jpg,1771619154.722000,0.0590,11
1771619154.765000,816.0,374.0,high,frame_000222_1771619154722.jpg,1771619154.722000,0.0430,11
1771619154.864000,797.0,371.0,high,frame_000223_1771619154836.jpg,1771619154.836000,0.0280,3
1771619154.964000,696.0,381.0,high,frame_000224_1771619154951.jpg,1771619154.951000,0.0130,3
1771619155.064000,647.0,385.0,high,frame_000225_1771619155071.jpg,1771619155.071000,0.0070,3
1771619155.163000,652.0,379.0,high,frame_000226_1771619155185.jpg,1771619155.185000,0.0220,3
1771619155.264000,656.0,384.0,high,frame_000227_1771619155302.jpg,1771619155.302000,0.0380,3
1771619155.363000,654.0,387.0,high,frame_000228_1771619155419.jpg,1771619155.419000,0.0560,3
1771619155.464000,654.0,382.0,high,frame_000228_1771619155419.jpg,1771619155.419000,0.0450,3
1771619155.564000,647.0,396.0,high,frame_000229_1771619155533.jpg,1771619155.533000,0.0310,6
1771619155.663000,651.0,421.0,high,frame_000230_1771619155650.jpg,1771619155.650000,0.0130,3
1771619155.763000,667.0,432.0,high,frame_000231_1771619155761.jpg,1771619155.761000,0.0020,3
1771619155.865000,695.0,436.0,high,frame_000232_1771619155875.jpg,1771619155.875000,0.0100,3
1771619155.963000,723.0,430.0,high,frame_000233_1771619155989.jpg,1771619155.989000,0.0260,3
1771619156.063000,747.0,427.0,high,frame_000234_1771619156105.jpg,1771619156.105000,0.0420,3
1771619156.164000,760.0,420.0,high,frame_000235_1771619156220.jpg,1771619156.220000,0.0560,3
1771619156.264000,756.0,412.0,high,frame_000235_1771619156220.jpg,1771619156.220000,0.0440,3
1771619156.365000,733.0,405.0,high,frame_000236_1771619156336.jpg,1771619156.336000,0.0290,11
1771619156.464000,728.0,409.0,high,frame_000237_1771619156446.jpg,1771619156.446000,0.0180,11
1771619156.563000,724.0,376.0,high,frame_000238_1771619156563.jpg,1771619156.563000,0.0000,11
1771619156.663000,735.0,343.0,high,frame_000239_1771619156676.jpg,1771619156.676000,0.0130,11
1771619156.765000,755.0,319.0,high,frame_000240_1771619156790.jpg,1771619156.790000,0.0250,11
1771619156.863000,790.0,293.0,high,frame_000241_1771619156913.jpg,1771619156.913000,0.0500,11
1771619156.965000,835.0,263.0,high,frame_000241_1771619156913.jpg,1771619156.913000,0.0520,11
1771619157.064000,870.0,250.0,high,frame_000242_1771619157035.jpg,1771619157.035000,0.0290,11
1771619157.165000,899.0,244.0,high,frame_000243_1771619157153.jpg,1771619157.153000,0.0120,11
1771619157.264000,909.0,244.0,high,frame_000244_1771619157270.jpg,1771619157.270000,0.0060,11
1771619157.363000,904.0,276.0,high,frame_000245_1771619157392.jpg,1771619157.392000,0.0290,11
1771619157.464000,910.0,305.0,high,frame_000246_1771619157506.jpg,1771619157.506000,0.0420,11
1771619157.564000,912.0,306.0,high,frame_000247_1771619157621.jpg,1771619157.621000,0.0570,3
1771619157.663000,916.0,322.0,high,frame_000247_1771619157621.jpg,1771619157.621000,0.0420,3
1771619157.764000,923.0,335.0,high,frame_000248_1771619157739.jpg,1771619157.739000,0.0250,3
1771619157.863000,949.0,344.0,high,frame_000249_1771619157849.jpg,1771619157.849000,0.0140,11
1771619157.965000,973.0,343.0,high,frame_000250_1771619157966.jpg,1771619157.966000,0.0010,11
1771619158.064000,986.0,344.0,high,frame_000251_1771619158083.jpg,1771619158.083000,0.0190,11
1771619158.164000,999.0,346.0,high,frame_000252_1771619158203.jpg,1771619158.203000,0.0390,11
1771619158.266000,1008.0,366.0,high,frame_000253_1771619158314.jpg,1771619158.314000,0.0480,11
1771619158.364000,1015.0,360.0,high,frame_000253_1771619158314.jpg,1771619158.314000,0.0500,11
1771619158.464000,1133.0,327.0,high,frame_000254_1771619158431.jpg,1771619158.431000,0.0330,11
1771619158.563000,1266.0,181.0,high,frame_000255_1771619158541.jpg,1771619158.541000,0.0220,3
1771619158.664000,1323.0,96.0,high,frame_000256_1771619158657.jpg,1771619158.657000,0.0070,3
1771619158.764000,1312.0,70.0,high,frame_000257_1771619158776.jpg,1771619158.776000,0.0120,3
1771619158.864000,1195.0,175.0,high,frame_000258_1771619158892.jpg,1771619158.892000,0.0280,3
1771619158.964000,1096.0,320.0,high,frame_000259_1771619159011.jpg,1771619159.011000,0.0470,11
1771619159.066000,1037.0,345.0,high,frame_000259_1771619159011.jpg,1771619159.011000,0.0550,11
1771619159.165000,981.0,376.0,high,frame_000260_1771619159128.jpg,1771619159.128000,0.0370,11
1771619159.263000,952.0,384.0,high,frame_000261_1771619159250.jpg,1771619159.250000,0.0130,11
1771619159.365000,921.0,395.0,high,frame_000262_1771619159362.jpg,1771619159.362000,0.0030,22
1771619159.465000,927.0,394.0,high,frame_000263_1771619159476.jpg,1771619159.476000,0.0110,6
1771619159.564000,932.0,388.0,high,frame_000264_1771619159589.jpg,1771619159.589000,0.0250,22
1771619159.664000,953.0,379.0,high,frame_000265_1771619159709.jpg,1771619159.709000,0.0450,11
1771619159.764000,968.0,376.0,high,frame_000265_1771619159709.jpg,1771619159.709000,0.0550,11
1771619159.866000,969.0,377.0,high,frame_000266_1771619159822.jpg,1771619159.822000,0.0440,11
1771619159.963000,977.0,377.0,high,frame_000267_1771619159953.jpg,1771619159.953000,0.0100,11
1771619160.066000,988.0,369.0,high,frame_000268_1771619160070.jpg,1771619160.070000,0.0040,11
1771619160.164000,996.0,372.0,high,frame_000269_1771619160187.jpg,1771619160.187000,0.0230,11
1771619160.265000,1012.0,372.0,high,frame_000270_1771619160303.jpg,1771619160.303000,0.0380,11
1771619160.364000,1012.0,360.0,high,frame_000271_1771619160417.jpg,1771619160.417000,0.0530,11
1771619160.463000,1013.0,363.0,high,frame_000271_1771619160417.jpg,1771619160.417000,0.0460,11
1771619160.563000,1028.0,419.0,high,frame_000272_1771619160530.jpg,1771619160.530000,0.0330,27
1771619160.663000,1023.0,416.0,high,frame_000273_1771619160649.jpg,1771619160.649000,0.0140,6
1771619160.765000,1023.0,414.0,high,frame_000274_1771619160766.jpg,1771619160.766000,0.0010,22
1771619160.865000,1020.0,432.0,high,frame_000275_1771619160882.jpg,1771619160.882000,0.0170,22
1771619160.965000,1008.0,431.0,high,frame_000276_1771619160999.jpg,1771619160.999000,0.0340,22
1771619161.064000,991.0,431.0,high,frame_000277_1771619161114.jpg,1771619161.114000,0.0500,6
1771619161.163000,979.0,432.0,high,frame_000277_1771619161114.jpg,1771619161.114000,0.0490,22
1771619161.266000,981.0,436.0,high,frame_000278_1771619161232.jpg,1771619161.232000,0.0340,5
1771619161.365000,976.0,422.0,high,frame_000279_1771619161347.jpg,1771619161.347000,0.0180,27
1771619161.464000,976.0,362.0,high,frame_000280_1771619161465.jpg,1771619161.465000,0.0010,11
1771619161.563000,983.0,315.0,high,frame_000281_1771619161579.jpg,1771619161.579000,0.0160,11
1771619161.665000,991.0,292.0,high,frame_000282_1771619161692.jpg,1771619161.692000,0.0270,11
1771619161.767000,995.0,290.0,high,frame_000283_1771619161809.jpg,1771619161.809000,0.0420,11
1771619161.865000,1001.0,292.0,high,frame_000283_1771619161809.jpg,1771619161.809000,0.0560,11
1771619161.964000,1020.0,302.0,high,frame_000284_1771619161924.jpg,1771619161.924000,0.0400,11
1771619162.066000,1029.0,325.0,high,frame_000285_1771619162037.jpg,1771619162.037000,0.0290,11
1771619162.165000,1031.0,360.0,high,frame_000286_1771619162151.jpg,1771619162.151000,0.0140,11
1771619162.265000,1027.0,381.0,high,frame_000287_1771619162265.jpg,1771619162.265000,0.0000,11
1771619162.364000,1026.0,401.0,high,frame_000288_1771619162385.jpg,1771619162.385000,0.0210,22
1771619162.463000,1043.0,400.0,high,frame_000289_1771619162503.jpg,1771619162.503000,0.0400,22
1771619162.563000,1195.0,389.0,high,frame_000290_1771619162615.jpg,1771619162.615000,0.0520,11
1771619162.664000,1235.0,393.0,high,frame_000290_1771619162615.jpg,1771619162.615000,0.0490,11
1771619162.766000,1155.0,391.0,high,frame_000291_1771619162730.jpg,1771619162.730000,0.0360,11
1771619162.865000,1062.0,381.0,high,frame_000292_1771619162846.jpg,1771619162.846000,0.0190,22
1771619162.965000,1034.0,378.0,high,frame_000293_1771619162967.jpg,1771619162.967000,0.0020,22
1771619163.065000,1023.0,374.0,high,frame_000294_1771619163081.jpg,1771619163.081000,0.0160,11
1771619163.163000,1018.0,373.0,high,frame_000295_1771619163195.jpg,1771619163.195000,0.0320,11
1771619163.265000,1016.0,360.0,high,frame_000296_1771619163310.jpg,1771619163.310000,0.0450,11
1771619163.363000,1016.0,366.0,high,frame_000296_1771619163310.jpg,1771619163.310000,0.0530,11
1771619163.464000,1015.0,369.0,high,frame_000297_1771619163425.jpg,1771619163.425000,0.0390,11
1771619163.564000,1010.0,373.0,high,frame_000298_1771619163546.jpg,1771619163.546000,0.0180,11
1771619163.663000,1009.0,376.0,high,frame_000299_1771619163656.jpg,1771619163.656000,0.0070,11
1771619163.764000,1012.0,366.0,high,frame_000300_1771619163771.jpg,1771619163.771000,0.0070,11
1771619163.865000,1008.0,356.0,high,frame_000301_1771619163890.jpg,1771619163.890000,0.0250,11
1771619163.964000,1006.0,358.0,high,frame_000302_1771619164009.jpg,1771619164.009000,0.0450,11
1771619164.064000,1006.0,355.0,high,frame_000302_1771619164009.jpg,1771619164.009000,0.0550,11
1771619164.164000,992.0,356.0,high,frame_000303_1771619164122.jpg,1771619164.122000,0.0420,11
1771619164.263000,975.0,370.0,high,frame_000304_1771619164244.jpg,1771619164.244000,0.0190,11
1771619164.364000,963.0,368.0,high,frame_000305_1771619164362.jpg,1771619164.362000,0.0020,11
1771619164.464000,958.0,364.0,high,frame_000306_1771619164481.jpg,1771619164.481000,0.0170,11
1771619164.565000,957.0,360.0,high,frame_000307_1771619164598.jpg,1771619164.598000,0.0330,11
1771619164.664000,962.0,354.0,high,frame_000308_1771619164711.jpg,1771619164.711000,0.0470,11
1771619164.764000,971.0,359.0,high,frame_000308_1771619164711.jpg,1771619164.711000,0.0530,11
1771619164.863000,969.0,360.0,high,frame_000309_1771619164824.jpg,1771619164.824000,0.0390,11
1771619164.964000,964.0,372.0,high,frame_000310_1771619164938.jpg,1771619164.938000,0.0260,22
1771619165.064000,960.0,387.0,high,frame_000311_1771619165053.jpg,1771619165.053000,0.0110,22
1771619165.163000,959.0,394.0,high,frame_000312_1771619165167.jpg,1771619165.167000,0.0040,27
1771619165.266000,944.0,394.0,high,frame_000313_1771619165280.jpg,1771619165.280000,0.0140,27
1771619165.365000,938.0,397.0,high,frame_000314_1771619165400.jpg,1771619165.400000,0.0350,27
1771619165.463000,936.0,398.0,high,frame_000315_1771619165514.jpg,1771619165.514000,0.0510,5
1771619165.564000,928.0,416.0,high,frame_000315_1771619165514.jpg,1771619165.514000,0.0500,26
1771619165.666000,926.0,410.0,high,frame_000316_1771619165628.jpg,1771619165.628000,0.0380,26
1771619165.764000,927.0,408.0,high,frame_000317_1771619165748.jpg,1771619165.748000,0.0160,26
1771619165.864000,931.0,406.0,high,frame_000318_1771619165858.jpg,1771619165.858000,0.0060,5
1771619165.964000,970.0,395.0,high,frame_000319_1771619165973.jpg,1771619165.973000,0.0090,27
1771619166.064000,990.0,387.0,high,frame_000320_1771619166090.jpg,1771619166.090000,0.0260,22
1771619166.165000,1020.0,382.0,high,frame_000321_1771619166203.jpg,1771619166.203000,0.0380,22
1771619166.265000,1070.0,365.0,high,frame_000322_1771619166317.jpg,1771619166.317000,0.0520,11
1771619166.365000,1092.0,344.0,high,frame_000322_1771619166317.jpg,1771619166.317000,0.0480,11
1771619166.464000,1085.0,318.0,high,frame_000323_1771619166431.jpg,1771619166.431000,0.0330,11
1771619166.564000,1079.0,296.0,high,frame_000324_1771619166546.jpg,1771619166.546000,0.0180,11
1771619166.663000,1034.0,300.0,high,frame_000325_1771619166666.jpg,1771619166.666000,0.0030,11
1771619166.763000,947.0,324.0,high,frame_000326_1771619166786.jpg,1771619166.786000,0.0230,11
1771619166.866000,888.0,344.0,high,frame_000327_1771619166905.jpg,1771619166.905000,0.0390,22
1771619166.963000,861.0,379.0,high,frame_000328_1771619167020.jpg,1771619167.020000,0.0570,5
1771619167.064000,859.0,388.0,high,frame_000328_1771619167020.jpg,1771619167.020000,0.0440,26
1771619167.166000,859.0,391.0,high,frame_000329_1771619167144.jpg,1771619167.144000,0.0220,26
1771619167.264000,841.0,393.0,high,frame_000330_1771619167262.jpg,1771619167.262000,0.0020,26
1771619167.364000,824.0,399.0,high,frame_000331_1771619167379.jpg,1771619167.379000,0.0150,22
1771619167.468000,813.0,400.0,high,frame_000332_1771619167494.jpg,1771619167.494000,0.0260,22
1771619167.564000,800.0,403.0,high,frame_000333_1771619167606.jpg,1771619167.606000,0.0420,26
1771619167.663000,812.0,398.0,high,frame_000333_1771619167606.jpg,1771619167.606000,0.0570,26
1771619167.764000,840.0,390.0,high,frame_000334_1771619167726.jpg,1771619167.726000,0.0380,26
1771619167.864000,874.0,384.0,high,frame_000335_1771619167845.jpg,1771619167.845000,0.0190,26
1771619167.967000,876.0,382.0,high,frame_000336_1771619167965.jpg,1771619167.965000,0.0020,26
1771619168.063000,878.0,381.0,high,frame_000337_1771619168075.jpg,1771619168.075000,0.0120,26
1771619168.163000,856.0,380.0,high,frame_000338_1771619168191.jpg,1771619168.191000,0.0280,26
1771619168.264000,838.0,389.0,high,frame_000339_1771619168305.jpg,1771619168.305000,0.0410,26
1771619168.365000,827.0,403.0,high,frame_000340_1771619168423.jpg,1771619168.423000,0.0580,26
1771619168.465000,821.0,399.0,high,frame_000340_1771619168423.jpg,1771619168.423000,0.0420,26
1771619168.564000,801.0,404.0,high,frame_000341_1771619168542.jpg,1771619168.542000,0.0220,6
1771619168.664000,799.0,407.0,high,frame_000342_1771619168655.jpg,1771619168.655000,0.0090,6
1771619168.764000,792.0,400.0,high,frame_000343_1771619168771.jpg,1771619168.771000,0.0070,6
1771619168.865000,785.0,399.0,high,frame_000344_1771619168886.jpg,1771619168.886000,0.0210,22
1771619168.964000,797.0,402.0,high,frame_000345_1771619169003.jpg,1771619169.003000,0.0390,22
1771619169.065000,824.0,402.0,high,frame_000346_1771619169117.jpg,1771619169.117000,0.0520,6
1771619169.164000,838.0,398.0,high,frame_000346_1771619169117.jpg,1771619169.117000,0.0470,26
1771619169.264000,842.0,404.0,high,frame_000347_1771619169236.jpg,1771619169.236000,0.0280,6
1771619169.364000,846.0,408.0,high,frame_000348_1771619169349.jpg,1771619169.349000,0.0150,6
1771619169.466000,824.0,413.0,high,frame_000349_1771619169467.jpg,1771619169.467000,0.0010,26
1771619169.564000,798.0,415.0,high,frame_000350_1771619169584.jpg,1771619169.584000,0.0200,22
1771619169.664000,774.0,406.0,high,frame_000351_1771619169701.jpg,1771619169.701000,0.0370,22
1771619169.764000,744.0,398.0,high,frame_000352_1771619169817.jpg,1771619169.817000,0.0530,27
1771619169.864000,738.0,398.0,high,frame_000352_1771619169817.jpg,1771619169.817000,0.0470,27
1771619169.965000,736.0,398.0,high,frame_000353_1771619169934.jpg,1771619169.934000,0.0310,26
1771619170.064000,743.0,399.0,high,frame_000354_1771619170050.jpg,1771619170.050000,0.0140,26
1771619170.163000,756.0,400.0,high,frame_000355_1771619170167.jpg,1771619170.167000,0.0040,26
1771619170.263000,785.0,389.0,high,frame_000356_1771619170283.jpg,1771619170.283000,0.0200,26
1771619170.364000,844.0,385.0,high,frame_000357_1771619170398.jpg,1771619170.398000,0.0340,26
1771619170.464000,829.0,400.0,high,frame_000358_1771619170510.jpg,1771619170.510000,0.0460,26
1771619170.564000,824.0,416.0,high,frame_000358_1771619170510.jpg,1771619170.510000,0.0540,6
1771619170.664000,811.0,414.0,high,frame_000359_1771619170634.jpg,1771619170.634000,0.0300,26
1771619170.763000,779.0,421.0,high,frame_000360_1771619170754.jpg,1771619170.754000,0.0090,27
1771619170.864000,1116.0,379.0,high,frame_000361_1771619170873.jpg,1771619170.873000,0.0090,26
1771619170.965000,1221.0,379.0,high,frame_000362_1771619170990.jpg,1771619170.990000,0.0250,26
1771619171.064000,1349.0,399.0,high,frame_000363_1771619171104.jpg,1771619171.104000,0.0400,22
1771619171.163000,1373.0,419.0,high,frame_000364_1771619171216.jpg,1771619171.216000,0.0530,22
1771619171.264000,1384.0,416.0,high,frame_000364_1771619171216.jpg,1771619171.216000,0.0480,22
1771619171.364000,1408.0,434.0,high,frame_000365_1771619171334.jpg,1771619171.334000,0.0300,22
1771619171.463000,864.0,493.0,high,frame_000366_1771619171450.jpg,1771619171.450000,0.0130,1
1771619171.563000,880.0,468.0,high,frame_000367_1771619171563.jpg,1771619171.563000,0.0000,14
1771619171.663000,872.0,449.0,high,frame_000368_1771619171677.jpg,1771619171.677000,0.0140,14
1771619171.763000,799.0,416.0,high,frame_000369_1771619171794.jpg,1771619171.794000,0.0310,26
1771619171.864000,778.0,410.0,high,frame_000370_1771619171911.jpg,1771619171.911000,0.0470,26
1771619171.963000,731.0,409.0,high,frame_000370_1771619171911.jpg,1771619171.911000,0.0520,26
1771619172.063000,732.0,400.0,high,frame_000371_1771619172024.jpg,1771619172.024000,0.0390,26
1771619172.165000,736.0,401.0,high,frame_000372_1771619172139.jpg,1771619172.139000,0.0260,26
1771619172.264000,732.0,398.0,high,frame_000373_1771619172257.jpg,1771619172.257000,0.0070,26
1771619172.364000,723.0,405.0,high,frame_000374_1771619172377.jpg,1771619172.377000,0.0130,26
1771619172.467000,715.0,404.0,high,frame_000375_1771619172499.jpg,1771619172.499000,0.0320,26
1771619172.565000,708.0,398.0,high,frame_000376_1771619172607.jpg,1771619172.607000,0.0420,26
1771619172.663000,693.0,395.0,high,frame_000376_1771619172607.jpg,1771619172.607000,0.0560,26
1771619172.765000,723.0,397.0,high,frame_000377_1771619172728.jpg,1771619172.728000,0.0370,26
1771619172.863000,760.0,388.0,high,frame_000378_1771619172847.jpg,1771619172.847000,0.0160,26
1771619172.963000,793.0,386.0,high,frame_000379_1771619172962.jpg,1771619172.962000,0.0010,5
1771619173.065000,842.0,394.0,high,frame_000380_1771619173085.jpg,1771619173.085000,0.0200,26
1771619173.164000,903.0,388.0,high,frame_000381_1771619173205.jpg,1771619173.205000,0.0410,26
1771619173.265000,947.0,380.0,high,frame_000382_1771619173318.jpg,1771619173.318000,0.0530,26
1771619173.365000,971.0,374.0,high,frame_000382_1771619173318.jpg,1771619173.318000,0.0470,26
1771619173.466000,969.0,369.0,high,frame_000383_1771619173436.jpg,1771619173.436000,0.0300,5
1771619173.563000,966.0,348.0,high,frame_000384_1771619173556.jpg,1771619173.556000,0.0070,11
1771619173.667000,964.0,337.0,high,frame_000385_1771619173669.jpg,1771619173.669000,0.0020,11
1771619173.763000,961.0,329.0,high,frame_000386_1771619173784.jpg,1771619173.784000,0.0210,11
1771619173.863000,935.0,335.0,high,frame_000387_1771619173900.jpg,1771619173.900000,0.0370,11
1771619173.963000,925.0,340.0,high,frame_000388_1771619174015.jpg,1771619174.015000,0.0520,11
1771619174.064000,994.0,351.0,high,frame_000388_1771619174015.jpg,1771619174.015000,0.0490,5
1771619174.163000,1114.0,369.0,high,frame_000389_1771619174135.jpg,1771619174.135000,0.0280,26
1771619174.263000,1100.0,372.0,high,frame_000390_1771619174248.jpg,1771619174.248000,0.0150,26
1771619174.363000,1019.0,379.0,high,frame_000391_1771619174366.jpg,1771619174.366000,0.0030,26
1771619174.463000,957.0,391.0,high,frame_000392_1771619174483.jpg,1771619174.483000,0.0200,26
1771619174.564000,944.0,392.0,high,frame_000393_1771619174609.jpg,1771619174.609000,0.0450,26
1771619174.664000,949.0,383.0,high,frame_000393_1771619174609.jpg,1771619174.609000,0.0550,26
1771619174.763000,1033.0,371.0,high,frame_000394_1771619174731.jpg,1771619174.731000,0.0320,26
1771619174.870000,1159.0,353.0,high,frame_000395_1771619174844.jpg,1771619174.844000,0.0260,26
1771619174.965000,1240.0,349.0,high,frame_000396_1771619174959.jpg,1771619174.959000,0.0060,26
1771619175.064000,1268.0,370.0,high,frame_000397_1771619175077.jpg,1771619175.077000,0.0130,26
1771619175.170000,1258.0,369.0,high,frame_000398_1771619175193.jpg,1771619175.193000,0.0230,26
1771619175.264000,1262.0,368.0,high,frame_000399_1771619175312.jpg,1771619175.312000,0.0480,26
1771619175.363000,1233.0,374.0,high,frame_000399_1771619175312.jpg,1771619175.312000,0.0510,26
1771619175.465000,1232.0,373.0,high,frame_000400_1771619175427.jpg,1771619175.427000,0.0380,26
1771619175.563000,1112.0,385.0,high,frame_000401_1771619175542.jpg,1771619175.542000,0.0210,26
1771619175.664000,940.0,405.0,high,frame_000402_1771619175659.jpg,1771619175.659000,0.0050,27
1771619175.763000,860.0,415.0,high,frame_000403_1771619175774.jpg,1771619175.774000,0.0110,22
1771619175.864000,818.0,412.0,high,frame_000404_1771619175893.jpg,1771619175.893000,0.0290,22
1771619175.963000,843.0,410.0,high,frame_000405_1771619176014.jpg,1771619176.014000,0.0510,22
1771619176.064000,848.0,411.0,high,frame_000405_1771619176014.jpg,1771619176.014000,0.0500,22
1771619176.165000,856.0,410.0,high,frame_000406_1771619176132.jpg,1771619176.132000,0.0330,22
1771619176.264000,856.0,422.0,high,frame_000407_1771619176240.jpg,1771619176.240000,0.0240,22
1771619176.364000,830.0,429.0,high,frame_000408_1771619176352.jpg,1771619176.352000,0.0120,6
1771619176.463000,753.0,438.0,high,frame_000409_1771619176470.jpg,1771619176.470000,0.0070,26
1771619176.563000,673.0,451.0,high,frame_000410_1771619176586.jpg,1771619176.586000,0.0230,26
1771619176.663000,696.0,449.0,high,frame_000411_1771619176702.jpg,1771619176.702000,0.0390,26
1771619176.763000,721.0,446.0,high,frame_000412_1771619176816.jpg,1771619176.816000,0.0530,26
1771619176.864000,765.0,433.0,high,frame_000412_1771619176816.jpg,1771619176.816000,0.0480,26
1771619176.963000,838.0,422.0,high,frame_000413_1771619176931.jpg,1771619176.931000,0.0320,26
1771619177.063000,853.0,423.0,high,frame_000414_1771619177054.jpg,1771619177.054000,0.0090,26
1771619177.163000,810.0,433.0,high,frame_000415_1771619177170.jpg,1771619177.170000,0.0070,26
1771619177.263000,641.0,457.0,high,frame_000416_1771619177281.jpg,1771619177.281000,0.0180,4
1771619177.363000,550.0,464.0,high,frame_000417_1771619177397.jpg,1771619177.397000,0.0340,4
1771619177.464000,609.0,455.0,high,frame_000418_1771619177510.jpg,1771619177.510000,0.0460,4
1771619177.563000,688.0,447.0,high,frame_000418_1771619177510.jpg,1771619177.510000,0.0530,22
1771619177.663000,877.0,432.0,high,frame_000419_1771619177622.jpg,1771619177.622000,0.0410,22
1771619177.763000,971.0,423.0,high,frame_000420_1771619177738.jpg,1771619177.738000,0.0250,22
1771619177.867000,983.0,435.0,high,frame_000421_1771619177855.jpg,1771619177.855000,0.0120,14
1771619177.964000,989.0,444.0,high,frame_000422_1771619177971.jpg,1771619177.971000,0.0070,14
1771619178.064000,1004.0,452.0,high,frame_000423_1771619178089.jpg,1771619178.089000,0.0250,5
1771619178.164000,996.0,464.0,high,frame_000424_1771619178199.jpg,1771619178.199000,0.0350,4
1771619178.263000,987.0,473.0,high,frame_000425_1771619178313.jpg,1771619178.313000,0.0500,21
1771619178.364000,989.0,476.0,high,frame_000425_1771619178313.jpg,1771619178.313000,0.0510,21
1771619178.463000,997.0,467.0,high,frame_000426_1771619178429.jpg,1771619178.429000,0.0340,5
1771619178.563000,885.0,442.0,high,frame_000427_1771619178542.jpg,1771619178.542000,0.0210,26
1771619178.664000,879.0,422.0,high,frame_000428_1771619178672.jpg,1771619178.672000,0.0080,3
1771619178.764000,861.0,421.0,high,frame_000429_1771619178782.jpg,1771619178.782000,0.0180,4
1771619178.865000,824.0,417.0,high,frame_000430_1771619178899.jpg,1771619178.899000,0.0340,4
1771619178.963000,816.0,422.0,high,frame_000431_1771619179017.jpg,1771619179.017000,0.0540,4
1771619179.067000,848.0,419.0,high,frame_000431_1771619179017.jpg,1771619179.017000,0.0500,4
1771619179.166000,905.0,411.0,high,frame_000432_1771619179136.jpg,1771619179.136000,0.0300,4
1771619179.263000,982.0,394.0,high,frame_000433_1771619179247.jpg,1771619179.247000,0.0160,22
1771619179.364000,1018.0,383.0,high,frame_000434_1771619179364.jpg,1771619179.364000,0.0000,22
1771619179.464000,1012.0,376.0,high,frame_000435_1771619179477.jpg,1771619179.477000,0.0130,22
1771619179.564000,1012.0,377.0,high,frame_000436_1771619179599.jpg,1771619179.599000,0.0350,22
1771619179.663000,1014.0,381.0,high,frame_000437_1771619179712.jpg,1771619179.712000,0.0490,22
1771619179.763000,1006.0,410.0,high,frame_000437_1771619179712.jpg,1771619179.712000,0.0510,3
1771619179.866000,961.0,410.0,high,frame_000438_1771619179834.jpg,1771619179.834000,0.0320,9
1771619179.964000,944.0,409.0,high,frame_000439_1771619179947.jpg,1771619179.947000,0.0170,6
1771619180.063000,956.0,414.0,high,frame_000440_1771619180066.jpg,1771619180.066000,0.0030,3
1771619180.165000,973.0,414.0,high,frame_000441_1771619180181.jpg,1771619180.181000,0.0160,5
1771619180.263000,979.0,418.0,high,frame_000442_1771619180302.jpg,1771619180.302000,0.0390,22
1771619180.363000,979.0,419.0,high,frame_000443_1771619180414.jpg,1771619180.414000,0.0510,22
1771619180.463000,970.0,448.0,high,frame_000443_1771619180414.jpg,1771619180.414000,0.0490,22
1771619180.563000,949.0,458.0,high,frame_000444_1771619180530.jpg,1771619180.530000,0.0330,5
1771619180.665000,948.0,451.0,high,frame_000445_1771619180646.jpg,1771619180.646000,0.0190,22
1771619180.767000,955.0,450.0,high,frame_000446_1771619180769.jpg,1771619180.769000,0.0020,22
1771619180.863000,960.0,439.0,high,frame_000447_1771619180890.jpg,1771619180.890000,0.0270,22
1771619180.964000,957.0,415.0,high,frame_000448_1771619180999.jpg,1771619180.999000,0.0350,22
1771619181.069000,958.0,412.0,high,frame_000449_1771619181112.jpg,1771619181.112000,0.0430,22
1771619181.163000,960.0,419.0,high,frame_000449_1771619181112.jpg,1771619181.112000,0.0510,5
1771619181.264000,984.0,417.0,high,frame_000450_1771619181225.jpg,1771619181.225000,0.0390,22
1771619181.364000,1021.0,404.0,high,frame_000451_1771619181339.jpg,1771619181.339000,0.0250,7
1771619181.463000,1039.0,394.0,high,frame_000452_1771619181454.jpg,1771619181.454000,0.0090,22
1771619181.564000,1050.0,375.0,high,frame_000453_1771619181576.jpg,1771619181.576000,0.0120,22
1771619181.663000,1049.0,385.0,high,frame_000454_1771619181696.jpg,1771619181.696000,0.0330,22
1771619181.764000,1047.0,389.0,high,frame_000455_1771619181810.jpg,1771619181.810000,0.0460,22
1771619181.867000,1036.0,418.0,high,frame_000455_1771619181810.jpg,1771619181.810000,0.0570,26
1771619181.966000,1009.0,426.0,high,frame_000456_1771619181932.jpg,1771619181.932000,0.0340,26
1771619182.064000,997.0,443.0,high,frame_000457_1771619182052.jpg,1771619182.052000,0.0120,26
1771619182.163000,989.0,444.0,high,frame_000458_1771619182162.jpg,1771619182.162000,0.0010,5
1771619182.263000,972.0,452.0,high,frame_000459_1771619182290.jpg,1771619182.290000,0.0270,4
1771619182.363000,976.0,457.0,high,frame_000460_1771619182397.jpg,1771619182.397000,0.0340,4
1771619182.464000,1008.0,455.0,high,frame_000461_1771619182516.jpg,1771619182.516000,0.0520,5
1771619182.563000,1035.0,470.0,high,frame_000461_1771619182516.jpg,1771619182.516000,0.0470,5
1771619182.666000,1041.0,468.0,high,frame_000462_1771619182631.jpg,1771619182.631000,0.0350,5
1771619182.763000,1039.0,477.0,high,frame_000463_1771619182747.jpg,1771619182.747000,0.0160,2
1771619182.864000,1045.0,481.0,high,frame_000464_1771619182862.jpg,1771619182.862000,0.0020,1
1771619182.963000,1038.0,481.0,high,frame_000465_1771619182975.jpg,1771619182.975000,0.0120,1
1771619183.064000,1036.0,483.0,high,frame_000466_1771619183095.jpg,1771619183.095000,0.0310,1
1771619183.164000,1040.0,482.0,high,frame_000467_1771619183208.jpg,1771619183.208000,0.0440,1
1771619183.264000,1055.0,473.0,high,frame_000467_1771619183208.jpg,1771619183.208000,0.0560,2
1771619183.364000,1064.0,473.0,high,frame_000468_1771619183323.jpg,1771619183.323000,0.0410,2
1771619183.463000,1066.0,466.0,high,frame_000469_1771619183444.jpg,1771619183.444000,0.0190,5
1771619183.564000,1010.0,431.0,high,frame_000470_1771619183561.jpg,1771619183.561000,0.0030,22
1771619183.663000,968.0,401.0,high,frame_000471_1771619183677.jpg,1771619183.677000,0.0140,22
1771619183.763000,947.0,360.0,high,frame_000472_1771619183790.jpg,1771619183.790000,0.0270,22
1771619183.864000,934.0,334.0,high,frame_000473_1771619183907.jpg,1771619183.907000,0.0430,22
1771619183.964000,932.0,317.0,high,frame_000473_1771619183907.jpg,1771619183.907000,0.0570,6
1771619184.063000,929.0,302.0,high,frame_000474_1771619184022.jpg,1771619184.022000,0.0410,11
1771619184.164000,944.0,309.0,high,frame_000475_1771619184136.jpg,1771619184.136000,0.0280,11
1771619184.263000,952.0,322.0,high,frame_000476_1771619184257.jpg,1771619184.257000,0.0060,11
1771619184.363000,959.0,330.0,high,frame_000477_1771619184372.jpg,1771619184.372000,0.0090,22
1771619184.464000,962.0,334.0,high,frame_000478_1771619184487.jpg,1771619184.487000,0.0230,22
1771619184.564000,962.0,361.0,high,frame_000479_1771619184603.jpg,1771619184.603000,0.0390,22
1771619184.663000,945.0,380.0,high,frame_000480_1771619184722.jpg,1771619184.722000,0.0590,22
1771619184.763000,920.0,392.0,high,frame_000480_1771619184722.jpg,1771619184.722000,0.0410,22
1771619184.863000,913.0,399.0,high,frame_000481_1771619184836.jpg,1771619184.836000,0.0270,22
1771619184.963000,920.0,410.0,high,frame_000482_1771619184950.jpg,1771619184.950000,0.0130,26
1771619185.063000,921.0,406.0,high,frame_000483_1771619185066.jpg,1771619185.066000,0.0030,5
1771619185.164000,938.0,403.0,high,frame_000484_1771619185181.jpg,1771619185.181000,0.0170,5
1771619185.265000,957.0,410.0,high,frame_000485_1771619185297.jpg,1771619185.297000,0.0320,26
1771619185.364000,980.0,411.0,high,frame_000486_1771619185414.jpg,1771619185.414000,0.0500,26
1771619185.464000,997.0,424.0,high,frame_000486_1771619185414.jpg,1771619185.414000,0.0500,26
1771619185.564000,993.0,420.0,high,frame_000487_1771619185529.jpg,1771619185.529000,0.0350,26
1771619185.663000,990.0,422.0,high,frame_000488_1771619185646.jpg,1771619185.646000,0.0170,26
1771619185.763000,988.0,424.0,high,frame_000489_1771619185760.jpg,1771619185.760000,0.0030,22
1771619185.864000,987.0,424.0,high,frame_000490_1771619185875.jpg,1771619185.875000,0.0110,22
1771619185.964000,985.0,427.0,high,frame_000491_1771619185990.jpg,1771619185.990000,0.0260,22
1771619186.064000,985.0,419.0,high,frame_000492_1771619186105.jpg,1771619186.105000,0.0410,26
1771619186.163000,985.0,417.0,high,frame_000493_1771619186220.jpg,1771619186.220000,0.0570,26
1771619186.265000,977.0,431.0,high,frame_000493_1771619186220.jpg,1771619186.220000,0.0450,22
1771619186.363000,947.0,436.0,high,frame_000494_1771619186336.jpg,1771619186.336000,0.0270,22
1771619186.467000,912.0,434.0,high,frame_000495_1771619186448.jpg,1771619186.448000,0.0190,22
1771619186.563000,901.0,439.0,high,frame_000496_1771619186565.jpg,1771619186.565000,0.0020,22
1771619186.663000,881.0,432.0,high,frame_000497_1771619186682.jpg,1771619186.682000,0.0190,22
1771619186.764000,875.0,415.0,high,frame_000498_1771619186794.jpg,1771619186.794000,0.0300,26
1771619186.866000,861.0,422.0,high,frame_000499_1771619186909.jpg,1771619186.909000,0.0430,26
1771619186.963000,858.0,423.0,high,frame_000499_1771619186909.jpg,1771619186.909000,0.0540,26
1771619187.066000,858.0,425.0,high,frame_000500_1771619187022.jpg,1771619187.022000,0.0440,26
1771619187.163000,864.0,422.0,high,frame_000501_1771619187146.jpg,1771619187.146000,0.0170,26
1771619187.267000,870.0,423.0,high,frame_000502_1771619187259.jpg,1771619187.259000,0.0080,26
1771619187.364000,874.0,417.0,high,frame_000503_1771619187373.jpg,1771619187.373000,0.0090,26
1771619187.463000,887.0,413.0,high,frame_000504_1771619187492.jpg,1771619187.492000,0.0290,26
1771619187.563000,891.0,418.0,high,frame_000505_1771619187606.jpg,1771619187.606000,0.0430,26
1771619187.663000,909.0,416.0,high,frame_000506_1771619187719.jpg,1771619187.719000,0.0560,26
1771619187.763000,925.0,422.0,high,frame_000506_1771619187719.jpg,1771619187.719000,0.0440,26
1771619187.863000,928.0,418.0,high,frame_000507_1771619187832.jpg,1771619187.832000,0.0310,26
1771619187.963000,925.0,413.0,high,frame_000508_1771619187947.jpg,1771619187.947000,0.0160,26
1771619188.064000,918.0,397.0,high,frame_000509_1771619188062.jpg,1771619188.062000,0.0020,26
1771619188.163000,907.0,387.0,high,frame_000510_1771619188176.jpg,1771619188.176000,0.0130,26
1771619188.263000,903.0,385.0,high,frame_000511_1771619188290.jpg,1771619188.290000,0.0270,26
1771619188.363000,893.0,388.0,high,frame_000512_1771619188402.jpg,1771619188.402000,0.0390,26
1771619188.463000,892.0,388.0,high,frame_000513_1771619188516.jpg,1771619188.516000,0.0530,26
1771619188.563000,874.0,384.0,high,frame_000513_1771619188516.jpg,1771619188.516000,0.0470,26
1771619188.664000,876.0,381.0,high,frame_000514_1771619188631.jpg,1771619188.631000,0.0330,26
1771619188.763000,879.0,381.0,high,frame_000515_1771619188749.jpg,1771619188.749000,0.0140,26
1771619188.863000,878.0,393.0,high,frame_000516_1771619188866.jpg,1771619188.866000,0.0030,26
1771619188.963000,859.0,398.0,high,frame_000517_1771619188983.jpg,1771619188.983000,0.0200,26
1771619189.063000,859.0,409.0,high,frame_000518_1771619189096.jpg,1771619189.096000,0.0330,22
1771619189.163000,863.0,408.0,high,frame_000519_1771619189209.jpg,1771619189.209000,0.0460,6
1771619189.263000,886.0,413.0,high,frame_000519_1771619189209.jpg,1771619189.209000,0.0540,22
1771619189.363000,998.0,398.0,high,frame_000520_1771619189325.jpg,1771619189.325000,0.0380,22
1771619189.465000,1089.0,387.0,high,frame_000521_1771619189438.jpg,1771619189.438000,0.0270,26
1771619189.563000,993.0,399.0,high,frame_000522_1771619189551.jpg,1771619189.551000,0.0120,5
1771619189.663000,894.0,417.0,high,frame_000523_1771619189670.jpg,1771619189.670000,0.0070,22
1771619189.764000,878.0,424.0,high,frame_000524_1771619189787.jpg,1771619189.787000,0.0230,26
1771619189.863000,869.0,421.0,high,frame_000525_1771619189902.jpg,1771619189.902000,0.0390,6
1771619189.964000,866.0,427.0,high,frame_000526_1771619190016.jpg,1771619190.016000,0.0520,26
1771619190.065000,853.0,431.0,high,frame_000526_1771619190016.jpg,1771619190.016000,0.0490,26
1771619190.163000,769.0,446.0,high,frame_000527_1771619190130.jpg,1771619190.130000,0.0330,8
1771619190.264000,737.0,446.0,high,frame_000528_1771619190246.jpg,1771619190.246000,0.0180,26
1771619190.364000,743.0,441.0,high,frame_000529_1771619190359.jpg,1771619190.359000,0.0050,26
1771619190.463000,738.0,436.0,high,frame_000530_1771619190476.jpg,1771619190.476000,0.0130,6
1771619190.566000,673.0,439.0,high,frame_000531_1771619190590.jpg,1771619190.590000,0.0240,22
1771619190.663000,592.0,446.0,high,frame_000532_1771619190716.jpg,1771619190.716000,0.0530,22
1771619190.763000,618.0,443.0,high,frame_000532_1771619190716.jpg,1771619190.716000,0.0470,22
1771619190.863000,728.0,425.0,high,frame_000533_1771619190830.jpg,1771619190.830000,0.0330,22
1771619190.963000,870.0,368.0,high,frame_000534_1771619190945.jpg,1771619190.945000,0.0180,11
1771619191.065000,873.0,363.0,high,frame_000535_1771619191060.jpg,1771619191.060000,0.0050,11
1771619191.163000,856.0,365.0,high,frame_000536_1771619191172.jpg,1771619191.172000,0.0090,22
1771619191.263000,860.0,345.0,high,frame_000537_1771619191287.jpg,1771619191.287000,0.0240,11
1771619191.364000,886.0,311.0,high,frame_000538_1771619191401.jpg,1771619191.401000,0.0370,3
1771619191.463000,946.0,281.0,high,frame_000539_1771619191520.jpg,1771619191.520000,0.0570,3
1771619191.563000,1027.0,259.0,high,frame_000539_1771619191520.jpg,1771619191.520000,0.0430,3
1771619191.667000,1096.0,249.0,high,frame_000540_1771619191637.jpg,1771619191.637000,0.0300,3
1771619191.764000,1176.0,270.0,high,frame_000541_1771619191749.jpg,1771619191.749000,0.0150,11
1771619191.867000,1208.0,305.0,high,frame_000542_1771619191864.jpg,1771619191.864000,0.0030,11
1771619191.963000,1256.0,345.0,high,frame_000543_1771619191980.jpg,1771619191.980000,0.0170,22
1771619192.063000,1272.0,358.0,high,frame_000544_1771619192095.jpg,1771619192.095000,0.0320,22
1771619192.163000,1282.0,357.0,high,frame_000545_1771619192210.jpg,1771619192.210000,0.0470,22
1771619192.264000,1285.0,363.0,high,frame_000545_1771619192210.jpg,1771619192.210000,0.0540,22
1771619192.363000,1279.0,383.0,high,frame_000546_1771619192333.jpg,1771619192.333000,0.0300,11
1771619192.464000,1261.0,388.0,high,frame_000547_1771619192444.jpg,1771619192.444000,0.0200,11
1771619192.564000,1178.0,415.0,high,frame_000548_1771619192562.jpg,1771619192.562000,0.0020,11
1771619192.664000,1135.0,421.0,high,frame_000549_1771619192684.jpg,1771619192.684000,0.0200,22
1771619192.763000,1111.0,420.0,high,frame_000550_1771619192802.jpg,1771619192.802000,0.0390,11
1771619192.863000,1086.0,433.0,high,frame_000551_1771619192913.jpg,1771619192.913000,0.0500,22
1771619192.963000,1045.0,443.0,high,frame_000551_1771619192913.jpg,1771619192.913000,0.0500,22
1771619193.063000,1032.0,445.0,high,frame_000552_1771619193033.jpg,1771619193.033000,0.0300,22
1771619193.168000,1002.0,451.0,high,frame_000553_1771619193154.jpg,1771619193.154000,0.0140,22
1771619193.264000,991.0,452.0,high,frame_000554_1771619193273.jpg,1771619193.273000,0.0090,22
1771619193.364000,978.0,452.0,high,frame_000555_1771619193390.jpg,1771619193.390000,0.0260,22
1771619193.463000,968.0,454.0,high,frame_000556_1771619193507.jpg,1771619193.507000,0.0440,5
1771619193.563000,966.0,452.0,high,frame_000556_1771619193507.jpg,1771619193.507000,0.0560,5
1771619193.663000,954.0,456.0,high,frame_000557_1771619193622.jpg,1771619193.622000,0.0410,5
1771619193.764000,951.0,455.0,high,frame_000558_1771619193735.jpg,1771619193.735000,0.0290,5
1771619193.863000,937.0,459.0,high,frame_000559_1771619193850.jpg,1771619193.850000,0.0130,5
1771619193.964000,905.0,465.0,high,frame_000560_1771619193966.jpg,1771619193.966000,0.0020,5
1771619194.063000,880.0,453.0,high,frame_000561_1771619194084.jpg,1771619194.084000,0.0210,5
1771619194.164000,854.0,444.0,high,frame_000562_1771619194196.jpg,1771619194.196000,0.0320,22
1771619194.263000,854.0,435.0,high,frame_000563_1771619194318.jpg,1771619194.318000,0.0550,22
1771619194.363000,853.0,424.0,high,frame_000563_1771619194318.jpg,1771619194.318000,0.0450,22
1771619194.463000,857.0,425.0,high,frame_000564_1771619194430.jpg,1771619194.430000,0.0330,22
1771619194.563000,872.0,420.0,high,frame_000565_1771619194546.jpg,1771619194.546000,0.0170,22
1771619194.663000,888.0,419.0,high,frame_000566_1771619194661.jpg,1771619194.661000,0.0020,22
1771619194.764000,875.0,430.0,high,frame_000567_1771619194780.jpg,1771619194.780000,0.0160,22
1771619194.863000,835.0,429.0,high,frame_000568_1771619194896.jpg,1771619194.896000,0.0330,22
1771619194.963000,836.0,430.0,high,frame_000569_1771619195003.jpg,1771619195.003000,0.0400,3
1771619195.065000,848.0,428.0,high,frame_000570_1771619195119.jpg,1771619195.119000,0.0540,3
1771619195.163000,899.0,431.0,high,frame_000570_1771619195119.jpg,1771619195.119000,0.0440,3
1771619195.263000,880.0,434.0,high,frame_000571_1771619195234.jpg,1771619195.234000,0.0290,3
1771619195.363000,884.0,435.0,high,frame_000572_1771619195348.jpg,1771619195.348000,0.0150,3
1771619195.465000,903.0,434.0,high,frame_000573_1771619195463.jpg,1771619195.463000,0.0020,3
1771619195.563000,944.0,425.0,high,frame_000574_1771619195578.jpg,1771619195.578000,0.0150,3
1771619195.664000,1006.0,415.0,high,frame_000575_1771619195697.jpg,1771619195.697000,0.0330,3
1771619195.764000,1039.0,416.0,high,frame_000576_1771619195815.jpg,1771619195.815000,0.0510,3
1771619195.865000,1044.0,424.0,high,frame_000576_1771619195815.jpg,1771619195.815000,0.0500,3
1771619195.965000,1047.0,430.0,high,frame_000577_1771619195933.jpg,1771619195.933000,0.0320,3
1771619196.063000,1054.0,435.0,high,frame_000578_1771619196056.jpg,1771619196.056000,0.0070,3
1771619196.164000,1074.0,445.0,high,frame_000579_1771619196166.jpg,1771619196.166000,0.0020,3
1771619196.264000,1086.0,416.0,high,frame_000580_1771619196281.jpg,1771619196.281000,0.0170,3
1771619196.364000,1093.0,344.0,high,frame_000581_1771619196396.jpg,1771619196.396000,0.0320,6
1771619196.464000,1098.0,280.0,high,frame_000582_1771619196511.jpg,1771619196.511000,0.0470,3
1771619196.564000,1105.0,214.0,high,frame_000582_1771619196511.jpg,1771619196.511000,0.0530,3
1771619196.663000,1137.0,197.0,high,frame_000583_1771619196626.jpg,1771619196.626000,0.0370,3
1771619196.764000,1174.0,200.0,high,frame_000584_1771619196737.jpg,1771619196.737000,0.0270,3
1771619196.863000,1191.0,188.0,high,frame_000585_1771619196851.jpg,1771619196.851000,0.0120,3
1771619196.963000,1294.0,148.0,high,frame_000586_1771619196970.jpg,1771619196.970000,0.0070,3
1771619197.067000,1386.0,117.0,high,frame_000587_1771619197093.jpg,1771619197.093000,0.0260,3
1771619197.163000,1385.0,89.0,high,frame_000588_1771619197212.jpg,1771619197.212000,0.0490,3
1771619197.264000,1303.0,98.0,high,frame_000588_1771619197212.jpg,1771619197.212000,0.0520,3
1771619197.364000,933.0,150.0,high,frame_000589_1771619197328.jpg,1771619197.328000,0.0360,3
1771619197.463000,899.0,154.0,high,frame_000590_1771619197442.jpg,1771619197.442000,0.0210,3
1771619197.563000,902.0,158.0,high,frame_000591_1771619197555.jpg,1771619197.555000,0.0080,3
1771619197.664000,909.0,167.0,high,frame_000592_1771619197670.jpg,1771619197.670000,0.0060,3
1771619197.764000,917.0,165.0,high,frame_000593_1771619197793.jpg,1771619197.793000,0.0290,11
1771619197.863000,938.0,174.0,high,frame_000594_1771619197910.jpg,1771619197.910000,0.0470,11
1771619197.963000,948.0,203.0,high,frame_000594_1771619197910.jpg,1771619197.910000,0.0530,11
1771619198.063000,982.0,276.0,high,frame_000595_1771619198025.jpg,1771619198.025000,0.0380,11
1771619198.164000,1036.0,326.0,high,frame_000596_1771619198138.jpg,1771619198.138000,0.0260,11
1771619198.267000,1059.0,337.0,high,frame_000597_1771619198256.jpg,1771619198.256000,0.0110,11
1771619198.364000,1068.0,343.0,high,frame_000598_1771619198368.jpg,1771619198.368000,0.0040,11
1771619198.463000,1072.0,346.0,high,frame_000599_1771619198485.jpg,1771619198.485000,0.0220,11
1771619198.563000,1080.0,351.0,high,frame_000600_1771619198602.jpg,1771619198.602000,0.0390,11
1771619198.666000,1096.0,374.0,high,frame_000601_1771619198716.jpg,1771619198.716000,0.0500,11
1771619198.763000,1092.0,369.0,high,frame_000601_1771619198716.jpg,1771619198.716000,0.0470,11
1771619198.864000,1099.0,376.0,high,frame_000602_1771619198834.jpg,1771619198.834000,0.0300,11
1771619198.964000,1129.0,379.0,high,frame_000603_1771619198952.jpg,1771619198.952000,0.0120,11
1771619199.063000,1142.0,381.0,high,frame_000604_1771619199065.jpg,1771619199.065000,0.0020,11
1771619199.163000,1135.0,387.0,high,frame_000605_1771619199187.jpg,1771619199.187000,0.0240,11
1771619199.264000,1124.0,391.0,high,frame_000606_1771619199305.jpg,1771619199.305000,0.0410,11
1771619199.367000,1119.0,385.0,high,frame_000607_1771619199413.jpg,1771619199.413000,0.0460,6
1771619199.464000,1102.0,397.0,high,frame_000607_1771619199413.jpg,1771619199.413000,0.0510,11
1771619199.563000,1085.0,412.0,high,frame_000608_1771619199527.jpg,1771619199.527000,0.0360,11
1771619199.664000,1070.0,426.0,high,frame_000609_1771619199643.jpg,1771619199.643000,0.0210,27
1771619199.765000,1054.0,440.0,high,frame_000610_1771619199763.jpg,1771619199.763000,0.0020,22
1771619199.863000,1031.0,452.0,high,frame_000611_1771619199879.jpg,1771619199.879000,0.0160,3
1771619199.966000,1020.0,464.0,high,frame_000612_1771619200003.jpg,1771619200.003000,0.0370,3
1771619200.063000,1009.0,465.0,high,frame_000613_1771619200117.jpg,1771619200.117000,0.0540,5
1771619200.163000,1008.0,456.0,high,frame_000613_1771619200117.jpg,1771619200.117000,0.0460,3
1771619200.263000,1004.0,469.0,high,frame_000614_1771619200236.jpg,1771619200.236000,0.0270,25
1771619200.363000,993.0,467.0,high,frame_000615_1771619200349.jpg,1771619200.349000,0.0140,5
1771619200.463000,965.0,470.0,high,frame_000616_1771619200469.jpg,1771619200.469000,0.0060,2
1771619200.564000,927.0,466.0,high,frame_000617_1771619200587.jpg,1771619200.587000,0.0230,2
1771619200.663000,907.0,469.0,high,frame_000618_1771619200705.jpg,1771619200.705000,0.0420,1
1771619200.766000,942.0,479.0,high,frame_000619_1771619200819.jpg,1771619200.819000,0.0530,1
1771619200.863000,972.0,483.0,high,frame_000619_1771619200819.jpg,1771619200.819000,0.0440,1
1771619200.963000,1047.0,480.0,high,frame_000620_1771619200939.jpg,1771619200.939000,0.0240,2
1771619201.064000,1061.0,485.0,high,frame_000621_1771619201053.jpg,1771619201.053000,0.0110,1
1771619201.165000,1059.0,481.0,high,frame_000622_1771619201169.jpg,1771619201.169000,0.0040,2
1771619201.263000,1058.0,475.0,high,frame_000623_1771619201284.jpg,1771619201.284000,0.0210,2
1771619201.364000,1049.0,446.0,high,frame_000624_1771619201402.jpg,1771619201.402000,0.0380,3
1771619201.463000,1018.0,455.0,high,frame_000625_1771619201518.jpg,1771619201.518000,0.0550,9
1771619201.563000,990.0,459.0,high,frame_000625_1771619201518.jpg,1771619201.518000,0.0450,9
1771619201.665000,987.0,470.0,high,frame_000626_1771619201633.jpg,1771619201.633000,0.0320,1
1771619201.763000,979.0,476.0,high,frame_000627_1771619201751.jpg,1771619201.751000,0.0120,1
1771619201.865000,973.0,490.0,high,frame_000628_1771619201870.jpg,1771619201.870000,0.0050,1
1771619201.963000,983.0,493.0,high,frame_000629_1771619201985.jpg,1771619201.985000,0.0220,1
1771619202.063000,1006.0,490.0,high,frame_000630_1771619202102.jpg,1771619202.102000,0.0390,1
1771619202.164000,1016.0,491.0,high,frame_000631_1771619202215.jpg,1771619202.215000,0.0510,1
1771619202.263000,1024.0,489.0,high,frame_000631_1771619202215.jpg,1771619202.215000,0.0480,1
1771619202.365000,1037.0,487.0,high,frame_000632_1771619202333.jpg,1771619202.333000,0.0320,1
1771619202.464000,1045.0,487.0,high,frame_000633_1771619202442.jpg,1771619202.442000,0.0220,1
1771619202.565000,1056.0,487.0,high,frame_000634_1771619202559.jpg,1771619202.559000,0.0060,1
1771619202.664000,1053.0,485.0,high,frame_000635_1771619202675.jpg,1771619202.675000,0.0110,1
1771619202.763000,1054.0,481.0,high,frame_000636_1771619202788.jpg,1771619202.788000,0.0250,1
1771619202.863000,1052.0,477.0,high,frame_000637_1771619202902.jpg,1771619202.902000,0.0390,1
1771619202.964000,1046.0,467.0,high,frame_000638_1771619203017.jpg,1771619203.017000,0.0530,5
1771619203.065000,1041.0,470.0,high,frame_000638_1771619203017.jpg,1771619203.017000,0.0480,1
1771619203.168000,1028.0,461.0,high,frame_000639_1771619203133.jpg,1771619203.133000,0.0350,5
1771619203.265000,1025.0,448.0,high,frame_000640_1771619203252.jpg,1771619203.252000,0.0130,26
1771619203.364000,1025.0,455.0,high,frame_000641_1771619203367.jpg,1771619203.367000,0.0030,26
1771619203.463000,1017.0,458.0,high,frame_000642_1771619203480.jpg,1771619203.480000,0.0170,5
1771619203.566000,1000.0,446.0,high,frame_000643_1771619203597.jpg,1771619203.597000,0.0310,26
1771619203.663000,984.0,452.0,high,frame_000644_1771619203710.jpg,1771619203.710000,0.0470,26
1771619203.763000,975.0,452.0,high,frame_000644_1771619203710.jpg,1771619203.710000,0.0530,26
1771619203.863000,962.0,453.0,high,frame_000645_1771619203830.jpg,1771619203.830000,0.0330,5
1771619203.963000,949.0,460.0,high,frame_000646_1771619203951.jpg,1771619203.951000,0.0120,5
1771619204.065000,932.0,462.0,high,frame_000647_1771619204066.jpg,1771619204.066000,0.0010,5
1771619204.163000,901.0,460.0,high,frame_000648_1771619204184.jpg,1771619204.184000,0.0210,5
1771619204.263000,884.0,450.0,high,frame_000649_1771619204299.jpg,1771619204.299000,0.0360,6
1771619204.364000,885.0,453.0,high,frame_000650_1771619204414.jpg,1771619204.414000,0.0500,22
1771619204.465000,886.0,453.0,high,frame_000650_1771619204414.jpg,1771619204.414000,0.0510,22
1771619204.564000,901.0,452.0,high,frame_000651_1771619204529.jpg,1771619204.529000,0.0350,22
1771619204.663000,915.0,450.0,high,frame_000652_1771619204643.jpg,1771619204.643000,0.0200,6
1771619204.765000,972.0,445.0,high,frame_000653_1771619204763.jpg,1771619204.763000,0.0020,22
1771619204.863000,1020.0,446.0,high,frame_000654_1771619204883.jpg,1771619204.883000,0.0200,22
1771619204.963000,1056.0,440.0,high,frame_000655_1771619204994.jpg,1771619204.994000,0.0310,26
1771619205.064000,1135.0,434.0,high,frame_000656_1771619205111.jpg,1771619205.111000,0.0470,5
1771619205.164000,1241.0,425.0,high,frame_000656_1771619205111.jpg,1771619205.111000,0.0530,6
1771619205.265000,1182.0,432.0,high,frame_000657_1771619205226.jpg,1771619205.226000,0.0390,22
1771619205.363000,1064.0,447.0,high,frame_000658_1771619205344.jpg,1771619205.344000,0.0190,26
1771619205.467000,984.0,458.0,high,frame_000659_1771619205459.jpg,1771619205.459000,0.0080,5
1771619205.563000,954.0,459.0,high,frame_000660_1771619205573.jpg,1771619205.573000,0.0100,5
1771619205.664000,879.0,465.0,high,frame_000661_1771619205690.jpg,1771619205.690000,0.0260,5
1771619205.763000,844.0,462.0,high,frame_000662_1771619205803.jpg,1771619205.803000,0.0400,10
1771619205.866000,821.0,461.0,high,frame_000663_1771619205918.jpg,1771619205.918000,0.0520,10
1771619205.965000,813.0,458.0,high,frame_000663_1771619205918.jpg,1771619205.918000,0.0470,5
1771619206.063000,773.0,463.0,high,frame_000664_1771619206032.jpg,1771619206.032000,0.0310,5
1771619206.164000,748.0,463.0,high,frame_000665_1771619206149.jpg,1771619206.149000,0.0150,1
1771619206.263000,758.0,459.0,high,frame_000666_1771619206263.jpg,1771619206.263000,0.0000,5
1771619206.363000,777.0,449.0,high,frame_000667_1771619206378.jpg,1771619206.378000,0.0150,8
1771619206.464000,782.0,443.0,high,frame_000668_1771619206492.jpg,1771619206.492000,0.0280,26
1771619206.564000,802.0,446.0,high,frame_000669_1771619206606.jpg,1771619206.606000,0.0420,8
1771619206.664000,817.0,444.0,high,frame_000670_1771619206722.jpg,1771619206.722000,0.0580,26
1771619206.765000,817.0,451.0,high,frame_000670_1771619206722.jpg,1771619206.722000,0.0430,8
1771619206.865000,806.0,452.0,high,frame_000671_1771619206837.jpg,1771619206.837000,0.0280,8
1771619206.965000,781.0,463.0,high,frame_000672_1771619206951.jpg,1771619206.951000,0.0140,5
1771619207.066000,767.0,463.0,high,frame_000673_1771619207068.jpg,1771619207.068000,0.0020,22
1771619207.164000,760.0,468.0,high,frame_000674_1771619207184.jpg,1771619207.184000,0.0200,5
1771619207.263000,758.0,463.0,high,frame_000675_1771619207296.jpg,1771619207.296000,0.0330,5
1771619207.364000,765.0,464.0,high,frame_000676_1771619207409.jpg,1771619207.409000,0.0450,5
1771619207.463000,778.0,475.0,high,frame_000676_1771619207409.jpg,1771619207.409000,0.0540,10
1771619207.563000,797.0,482.0,high,frame_000677_1771619207523.jpg,1771619207.523000,0.0400,2
1771619207.665000,804.0,483.0,high,frame_000678_1771619207636.jpg,1771619207.636000,0.0290,2
1771619207.764000,814.0,484.0,high,frame_000679_1771619207750.jpg,1771619207.750000,0.0140,2
1771619207.864000,822.0,476.0,high,frame_000680_1771619207865.jpg,1771619207.865000,0.0010,10
1771619207.966000,841.0,458.0,high,frame_000681_1771619207978.jpg,1771619207.978000,0.0120,6
1771619208.063000,899.0,436.0,high,frame_000682_1771619208092.jpg,1771619208.092000,0.0290,22
1771619208.163000,881.0,443.0,high,frame_000683_1771619208205.jpg,1771619208.205000,0.0420,26
1771619208.263000,895.0,449.0,high,frame_000684_1771619208320.jpg,1771619208.320000,0.0570,22
1771619208.363000,931.0,447.0,high,frame_000684_1771619208320.jpg,1771619208.320000,0.0430,8
1771619208.465000,928.0,445.0,high,frame_000685_1771619208437.jpg,1771619208.437000,0.0280,22
1771619208.564000,927.0,445.0,high,frame_000686_1771619208554.jpg,1771619208.554000,0.0100,22
1771619208.664000,1077.0,422.0,high,frame_000687_1771619208671.jpg,1771619208.671000,0.0070,6
1771619208.765000,1254.0,405.0,high,frame_000688_1771619208783.jpg,1771619208.783000,0.0180,26
1771619208.865000,1382.0,423.0,high,frame_000689_1771619208898.jpg,1771619208.898000,0.0330,22
1771619208.966000,1430.0,455.0,high,frame_000690_1771619209011.jpg,1771619209.011000,0.0450,10
1771619209.065000,812.0,526.0,high,frame_000690_1771619209011.jpg,1771619209.011000,0.0540,1
1771619209.163000,807.0,523.0,high,frame_000691_1771619209126.jpg,1771619209.126000,0.0370,1
1771619209.264000,800.0,524.0,high,frame_000692_1771619209240.jpg,1771619209.240000,0.0240,1
1771619209.364000,787.0,522.0,high,frame_000693_1771619209358.jpg,1771619209.358000,0.0060,1
1771619209.464000,783.0,494.0,high,frame_000694_1771619209471.jpg,1771619209.471000,0.0070,1
1771619209.565000,751.0,488.0,high,frame_000695_1771619209586.jpg,1771619209.586000,0.0210,1
1771619209.664000,668.0,460.0,high,frame_000696_1771619209697.jpg,1771619209.697000,0.0330,22
1771619209.763000,659.0,464.0,high,frame_000697_1771619209813.jpg,1771619209.813000,0.0500,22
1771619209.864000,672.0,465.0,high,frame_000697_1771619209813.jpg,1771619209.813000,0.0510,22
1771619209.963000,720.0,452.0,high,frame_000698_1771619209928.jpg,1771619209.928000,0.0350,22
1771619210.065000,758.0,446.0,high,frame_000699_1771619210040.jpg,1771619210.040000,0.0250,22
1771619210.164000,918.0,426.0,high,frame_000700_1771619210154.jpg,1771619210.154000,0.0100,22
1771619210.263000,1019.0,416.0,high,frame_000701_1771619210268.jpg,1771619210.268000,0.0050,22
1771619210.363000,1067.0,413.0,high,frame_000702_1771619210382.jpg,1771619210.382000,0.0190,26
1771619210.464000,1056.0,416.0,high,frame_000703_1771619210500.jpg,1771619210.500000,0.0360,22
1771619210.563000,965.0,429.0,high,frame_000704_1771619210617.jpg,1771619210.617000,0.0540,22
1771619210.664000,897.0,432.0,high,frame_000704_1771619210617.jpg,1771619210.617000,0.0470,26
1771619210.764000,875.0,430.0,high,frame_000705_1771619210735.jpg,1771619210.735000,0.0290,22
1771619210.864000,873.0,385.0,high,frame_000706_1771619210848.jpg,1771619210.848000,0.0160,26
1771619210.963000,874.0,340.0,high,frame_000707_1771619210965.jpg,1771619210.965000,0.0020,11
1771619211.063000,887.0,317.0,high,frame_000708_1771619211088.jpg,1771619211.088000,0.0250,11
1771619211.164000,881.0,300.0,high,frame_000709_1771619211202.jpg,1771619211.202000,0.0380,11
1771619211.263000,864.0,310.0,high,frame_000710_1771619211318.jpg,1771619211.318000,0.0550,11
1771619211.365000,862.0,314.0,high,frame_000710_1771619211318.jpg,1771619211.318000,0.0470,11
1771619211.463000,881.0,324.0,high,frame_000711_1771619211434.jpg,1771619211.434000,0.0290,11
1771619211.564000,888.0,328.0,high,frame_000712_1771619211547.jpg,1771619211.547000,0.0170,5
1771619211.663000,887.0,334.0,high,frame_000713_1771619211661.jpg,1771619211.661000,0.0020,5
1771619211.764000,888.0,401.0,high,frame_000714_1771619211775.jpg,1771619211.775000,0.0110,26
1771619211.865000,869.0,427.0,high,frame_000715_1771619211894.jpg,1771619211.894000,0.0290,26
1771619211.964000,795.0,446.0,high,frame_000716_1771619212011.jpg,1771619212.011000,0.0470,22
1771619212.063000,772.0,445.0,high,frame_000716_1771619212011.jpg,1771619212.011000,0.0520,22
1771619212.164000,834.0,347.0,high,frame_000717_1771619212126.jpg,1771619212.126000,0.0380,26
1771619212.263000,922.0,208.0,high,frame_000718_1771619212239.jpg,1771619212.239000,0.0240,11
1771619212.366000,966.0,146.0,high,frame_000719_1771619212353.jpg,1771619212.353000,0.0130,11
1771619212.464000,990.0,122.0,high,frame_000720_1771619212467.jpg,1771619212.467000,0.0030,11
1771619212.566000,1002.0,126.0,high,frame_000721_1771619212581.jpg,1771619212.581000,0.0150,11
1771619212.663000,1012.0,125.0,high,frame_000722_1771619212700.jpg,1771619212.700000,0.0370,11
1771619212.764000,1011.0,123.0,high,frame_000723_1771619212813.jpg,1771619212.813000,0.0490,11
1771619212.863000,1008.0,194.0,high,frame_000723_1771619212813.jpg,1771619212.813000,0.0500,11
1771619212.964000,994.0,342.0,high,frame_000724_1771619212932.jpg,1771619212.932000,0.0320,26
1771619213.065000,998.0,368.0,high,frame_000725_1771619213048.jpg,1771619213.048000,0.0170,26
1771619213.165000,1003.0,400.0,high,frame_000726_1771619213162.jpg,1771619213.162000,0.0030,22
1771619213.263000,1007.0,397.0,high,frame_000727_1771619213277.jpg,1771619213.277000,0.0140,22
1771619213.363000,1011.0,400.0,high,frame_000728_1771619213390.jpg,1771619213.390000,0.0270,22
1771619213.463000,1006.0,403.0,high,frame_000729_1771619213502.jpg,1771619213.502000,0.0390,22
1771619213.564000,990.0,415.0,high,frame_000730_1771619213618.jpg,1771619213.618000,0.0540,22
1771619213.666000,977.0,428.0,high,frame_000730_1771619213618.jpg,1771619213.618000,0.0480,22
1771619213.763000,989.0,425.0,high,frame_000731_1771619213731.jpg,1771619213.731000,0.0320,22
1771619213.866000,1014.0,426.0,high,frame_000732_1771619213843.jpg,1771619213.843000,0.0230,22
1771619213.965000,1030.0,353.0,high,frame_000733_1771619213962.jpg,1771619213.962000,0.0030,26
1771619214.063000,1021.0,169.0,high,frame_000734_1771619214076.jpg,1771619214.076000,0.0130,11
1771619214.163000,1047.0,127.0,high,frame_000735_1771619214191.jpg,1771619214.191000,0.0280,11
1771619214.265000,1048.0,105.0,high,frame_000736_1771619214304.jpg,1771619214.304000,0.0390,11
1771619214.366000,1055.0,106.0,high,frame_000737_1771619214416.jpg,1771619214.416000,0.0500,11
1771619214.464000,1054.0,109.0,high,frame_000737_1771619214416.jpg,1771619214.416000,0.0480,11
1771619214.564000,1055.0,125.0,high,frame_000738_1771619214535.jpg,1771619214.535000,0.0290,11
1771619214.663000,1075.0,271.0,high,frame_000739_1771619214650.jpg,1771619214.650000,0.0130,26
1771619214.764000,1086.0,358.0,high,frame_000740_1771619214764.jpg,1771619214.764000,0.0000,27
1771619214.863000,1094.0,442.0,high,frame_000741_1771619214877.jpg,1771619214.877000,0.0140,22
1771619214.964000,1061.0,429.0,high,frame_000742_1771619214992.jpg,1771619214.992000,0.0280,22
1771619215.063000,1048.0,430.0,high,frame_000743_1771619215109.jpg,1771619215.109000,0.0460,22
1771619215.165000,1022.0,431.0,high,frame_000743_1771619215109.jpg,1771619215.109000,0.0560,22
1771619215.263000,1004.0,433.0,high,frame_000744_1771619215228.jpg,1771619215.228000,0.0350,22
